sys.exec.out.time {s},time {s},altitude {m},latitude {r},longitude {r},seat_accel_x {m/s2},seat_accel_y {m/s2},seat_accel_z {m/s2}
0,0.01,49.29984991,0.4985046079,-1.406339805,-1.74E-06,1.51E-05,-9.36E-06
0.1,0.11,49.59124917,0.4985046078,-1.406339805,545.6305646,-0.4048647023,-198.3127007
0.2,0.21,49.91320608,0.4985046077,-1.406339805,515.0813907,-0.3839809355,-187.2124385
0.3,0.31,50.26579952,0.4985046076,-1.406339805,484.5320755,-0.3647860978,-176.1122534
0.4,0.41,50.64902349,0.4985046075,-1.406339805,453.9821299,-0.3440860532,-165.0135097
0.5,0.51,51.06290648,0.4985046073,-1.406339805,427.0850097,-1.109507488,-155.0964373
0.6,0.61,51.55236025,0.4985046018,-1.406339803,39.61412143,-0.1606806209,-15.23836699
0.7,0.71,52.32664844,0.498504593,-1.4063398,37.29628536,0.09500013728,-12.36161312
0.8,0.81,53.40383555,0.4985045841,-1.406339796,38.48863217,0.5088228723,-13.56460225
0.9,0.91,54.79284382,0.4985045752,-1.406339792,40.24599423,0.4978929771,-15.42528065
1,1.01,56.5086072,0.4985045658,-1.406339788,40.6569428,0.3039286281,-15.88949336
1.1,1.11,58.55755188,0.4985045557,-1.406339783,40.57927604,0.06495429875,-15.70613863
1.2,1.21,60.93450583,0.4985045446,-1.406339778,37.63126422,-0.9988326254,-13.22813223
1.3,1.31,63.62932777,0.4985045323,-1.406339772,39.91373881,-0.7617554112,-15.28686937
1.4,1.41,66.65644713,0.4985045188,-1.406339764,40.53831592,-0.2757612987,-15.87096333
1.5,1.51,70.01928156,0.4985045043,-1.406339755,40.43587219,0.1627803772,-15.80186881
1.6,1.61,73.71329716,0.4985044891,-1.406339742,40.05092162,0.3844611451,-15.44260313
1.7,1.71,77.73214387,0.4985044737,-1.406339725,39.54608065,0.3508309297,-14.95105127
1.8,1.81,82.07101714,0.4985044588,-1.406339703,39.16958232,0.1163698265,-14.58033341
1.9,1.91,86.72796858,0.4985044452,-1.406339676,39.05106802,-0.2331531196,-14.53466395
2,2.01,91.70424344,0.4985044337,-1.406339643,39.2170133,-0.4899170535,-14.74146668
2.1,2.11,97.00288915,0.4985044247,-1.406339603,39.3090921,-0.541497975,-14.94307834
2.2,2.21,102.6237517,0.4985044188,-1.406339556,39.19782884,-0.2843723601,-14.95425024
2.3,2.31,108.5638585,0.4985044161,-1.406339501,39.40569864,-0.1824605963,-15.15939204
2.4,2.41,114.8232223,0.4985044168,-1.406339439,39.5333082,-0.2658142759,-15.31581938
2.5,2.51,121.4032069,0.4985044209,-1.406339367,39.65801009,-0.4764834939,-15.37910838
2.6,2.61,128.305563,0.4985044283,-1.406339288,39.68153279,-0.6620142511,-15.34447281
2.7,2.71,135.5315308,0.4985044392,-1.406339199,39.57850956,-0.8598260399,-15.31258071
2.8,2.81,143.0810043,0.4985044535,-1.406339101,39.48445206,-0.8559515548,-15.1331247
2.9,2.91,150.9526706,0.4985044713,-1.406338995,39.33124995,-0.836817587,-14.9978434
3,3.01,159.1445336,0.4985044927,-1.406338879,39.19520581,-0.9288967856,-15.08537291
3.1,3.11,167.6547893,0.498504518,-1.406338754,39.15040806,-0.8521791954,-15.02679386
3.2,3.21,176.4823248,0.4985045471,-1.406338619,39.03259356,-0.829253953,-15.06259867
3.3,3.31,185.6258505,0.4985045803,-1.406338474,38.93194962,-0.7458127816,-14.96237274
3.4,3.41,195.0836059,0.4985046175,-1.406338319,38.77815329,-0.7767644053,-14.92507431
3.5,3.51,204.8537376,0.4985046588,-1.406338154,38.51610151,-0.9460864959,-15.0532196
3.6,3.61,214.9345976,0.4985047046,-1.406337979,38.42595357,-1.093009104,-15.1925319
3.7,3.71,225.3252592,0.498504755,-1.406337794,38.35316187,-1.003877195,-15.09360253
3.8,3.81,236.0250679,0.4985048101,-1.406337598,38.18593356,-0.8769907404,-15.19873233
3.9,3.91,247.0328771,0.4985048701,-1.406337393,38.03311347,-0.6397820733,-15.04983158
4,4.01,258.346909,0.498504935,-1.406337177,37.83902273,-0.4264455744,-14.99729936
4.1,4.11,269.9649487,0.4985050048,-1.406336952,37.65922265,-0.3795168257,-14.94043576
4.2,4.21,281.8848561,0.4985050797,-1.406336717,37.60927381,-0.2554505806,-14.85349649
4.3,4.31,294.1058688,0.4985051596,-1.406336472,37.53788492,-0.2843949985,-14.88811521
4.4,4.41,306.6273592,0.4985052444,-1.406336217,37.62588924,-0.57750015,-14.63691269
4.5,4.51,319.4487627,0.4985053341,-1.406335952,37.6135831,-0.5693438799,-14.60060667
4.6,4.61,332.5703956,0.4985054284,-1.406335677,37.53435391,-0.6982610022,-14.71707782
4.7,4.71,345.9922232,0.4985055277,-1.406335392,37.50217279,-0.8514437147,-14.5644906
4.8,4.81,359.7129603,0.4985056316,-1.406335096,37.61256636,-0.9480545744,-14.35223125
4.9,4.91,373.7318832,0.49850574,-1.406334789,37.46067032,-1.105784878,-14.48198673
5,5.01,388.0485284,0.4985058531,-1.406334471,36.97090038,-1.128316349,-14.72765747
5.1,5.11,402.6596624,0.4985059712,-1.406334142,36.45517753,-0.8008811898,-14.49263198
5.2,5.21,417.5595107,0.4985060944,-1.406333803,35.81028715,-0.4082603437,-13.89153411
5.3,5.31,432.7400057,0.4985062222,-1.406333454,35.08821295,-0.1950230043,-13.83041765
5.4,5.41,448.1934081,0.498506355,-1.406333095,34.5184253,-0.2458821875,-13.68265188
5.5,5.51,463.9130872,0.4985064927,-1.406332727,34.06920019,-0.4118959436,-13.27777726
5.6,5.61,479.8937446,0.4985066352,-1.406332348,33.45730173,-0.3972847903,-13.32757814
5.7,5.71,496.1307249,0.4985067825,-1.40633196,32.85692436,-0.4990642014,-12.90889308
5.8,5.81,512.6177037,0.4985069346,-1.406331563,32.06618379,-0.1782290069,-12.78917447
5.9,5.91,529.3478398,0.4985070914,-1.406331157,31.39756416,-0.1330751524,-12.44803213
6,6.01,546.3128857,0.4985072533,-1.406330743,30.54174826,0.1855185741,-12.62111144
6.1,6.11,563.505391,0.4985074204,-1.406330321,29.95563353,0.1176599431,-12.26101624
6.2,6.21,580.9173903,0.4985075928,-1.40632989,29.29960714,0.1170721781,-11.9564012
6.3,6.31,598.5413808,0.4985077701,-1.406329452,28.73530402,0.03898572687,-11.43110465
6.4,6.41,616.3711159,0.498507952,-1.406329006,28.07680034,0.02242594577,-11.21346606
6.5,6.51,634.400548,0.4985081382,-1.406328552,27.72026584,-0.2547397218,-10.50488025
6.6,6.61,652.6238462,0.4985083281,-1.406328091,27.22372967,-0.1760729421,-10.13048628
6.7,6.71,671.0366875,0.4985085213,-1.406327622,26.76375714,0.09591664821,-9.754728473
6.8,6.81,689.6342626,0.4985087176,-1.406327147,26.35484035,0.5754559544,-9.353679537
6.9,6.91,708.4112526,0.4985089167,-1.406326665,25.79613631,0.3659885621,-9.516542795
7,7.01,727.3615758,0.4985091188,-1.406326177,25.34429186,0.2371870579,-9.466823742
7.1,7.11,746.4800326,0.4985093241,-1.406325683,24.96297248,0.3202494479,-9.084838668
7.2,7.21,765.7613092,0.4985095321,-1.406325182,23.18515572,0.003140893447,-7.539099161
7.3,7.31,785.1934709,0.4985097423,-1.406324675,23.36366774,0.8075227384,-7.549535286
7.4,7.41,804.7704221,0.4985099537,-1.406324162,24.02101305,1.125708352,-7.243380551
7.5,7.51,824.4936489,0.4985101653,-1.406323644,24.53420099,1.053043427,-7.052039374
7.6,7.61,844.3675806,0.4985103756,-1.406323122,24.86175581,1.240774472,-6.951300783
7.7,7.71,864.3977697,0.4985105838,-1.406322595,24.92176794,1.895259265,-6.239546833
7.8,7.81,884.5869534,0.4985107886,-1.406322068,24.61123981,2.373349783,-5.531658856
7.9,7.91,904.9327519,0.498510989,-1.406321542,22.9608091,2.438872355,-4.374007113
8,8.01,925.3870934,0.4985111841,-1.406321017,-3.665742595,2.605110857,5.768983317
8.1,8.11,945.7354176,0.4985113727,-1.4063205,-4.013541945,2.967071163,5.645887889
8.2,8.21,965.9290922,0.4985115551,-1.406319989,-3.898352735,2.462151244,5.564332603
8.3,8.31,985.9746849,0.4985117312,-1.406319484,-3.617452715,1.529094937,5.727574068
8.4,8.41,1005.871871,0.4985119009,-1.406318984,-3.478115719,0.7113460561,5.539581056
8.5,8.51,1025.620845,0.498512064,-1.406318486,-3.229592098,-0.2929271557,5.589343752
8.6,8.61,1045.221641,0.4985122205,-1.406317989,-3.180376063,-0.9154128335,5.199980165
8.7,8.71,1064.674131,0.4985123708,-1.406317491,-3.200079489,-1.60745016,4.623618813
8.8,8.81,1083.978228,0.4985125156,-1.406316992,-3.215085274,-1.773876913,4.293404029
8.9,8.91,1103.134287,0.4985126556,-1.406316492,-3.267781659,-1.788507095,3.943606191
9,9.01,1122.142885,0.4985127912,-1.406315989,-3.269268012,-2.037288302,3.567227014
9.1,9.11,1141.004447,0.4985129232,-1.406315484,-3.409432066,-2.045383353,2.960045592
9.2,9.21,1159.719824,0.4985130523,-1.406314977,-3.441168535,-2.01553419,2.651207694
9.3,9.31,1178.290104,0.498513179,-1.406314467,-3.422549641,-1.752408114,2.539360977
9.4,9.41,1196.716682,0.4985133034,-1.406313955,-3.477329668,-1.526302575,2.201906073
9.5,9.51,1215.001051,0.4985134261,-1.406313442,-3.533501336,-0.977720448,2.013929548
9.6,9.61,1233.145079,0.4985135474,-1.406312928,-3.617567559,-0.4458852847,1.743899925
9.7,9.71,1251.150494,0.4985136678,-1.406312415,-3.75166906,-0.0134902241,1.333847137
9.8,9.81,1269.01857,0.4985137877,-1.406311902,-3.850273937,0.5130359001,1.0934696
9.9,9.91,1286.750434,0.4985139078,-1.406311392,-4.025319304,0.8441989247,0.5723887969
10,10.01,1304.346823,0.4985140288,-1.406310884,-4.127256207,1.078551713,0.2178656721
10.1,10.11,1321.808267,0.4985141512,-1.40631038,-4.251213566,1.37540516,-0.1725578765
10.2,10.21,1339.135364,0.4985142756,-1.406309879,-4.307048777,1.594395832,-0.4356871245
10.3,10.31,1356.328612,0.4985144024,-1.406309382,-4.359873713,1.669622932,-0.7243869171
10.4,10.41,1373.388363,0.4985145319,-1.406308889,-4.367125806,1.975504917,-0.7730220251
10.5,10.51,1390.315225,0.4985146641,-1.406308401,-4.373500078,1.912945557,-0.9867976388
10.6,10.61,1407.109455,0.4985147994,-1.406307918,-4.438461224,1.849312053,-1.332665673
10.7,10.71,1423.771173,0.4985149383,-1.40630744,-4.481371161,1.702172372,-1.63742514
10.8,10.81,1440.300482,0.498515081,-1.406306966,-4.383889216,1.369363795,-1.686263841
10.9,10.91,1456.697544,0.4985152277,-1.406306497,-4.265891817,0.8794575036,-1.75861256
11,11.01,1472.962308,0.4985153785,-1.40630603,-4.12283265,0.4213322513,-1.765768789
11.1,11.11,1489.094791,0.4985155334,-1.406305565,-4.081390738,0.2004892719,-1.888155914
11.2,11.21,1505.095193,0.4985156924,-1.406305103,-3.941331935,-0.1373863688,-1.82268671
11.3,11.31,1520.9636,0.4985158557,-1.406304642,-3.865440484,-0.3075601636,-1.823233389
11.4,11.41,1536.700137,0.498516023,-1.406304181,-3.734574614,-0.6918022924,-1.773611837
11.5,11.51,1552.304988,0.4985161945,-1.406303721,-3.676673281,-0.6606435322,-1.772538291
11.6,11.61,1567.778579,0.49851637,-1.406303262,-3.557039542,-0.8813817826,-1.684334875
11.7,11.71,1583.121274,0.4985165494,-1.406302802,-3.382744735,-0.9711217577,-1.429790206
11.8,11.81,1598.333892,0.4985167324,-1.406302342,-3.285534621,-0.8260773055,-1.274743411
11.9,11.91,1613.417523,0.4985169185,-1.406301883,-3.105090058,-0.7877178259,-0.948228598
12,12.01,1628.373249,0.4985171073,-1.406301424,-3.001622959,-0.7488663932,-0.8141441882
12.1,12.11,1643.202037,0.4985172984,-1.406300965,-2.920526385,-0.416357327,-0.6412024345
12.2,12.21,1657.905061,0.4985174917,-1.406300506,-2.866157236,-0.2456301706,-0.5711677829
12.3,12.31,1672.483271,0.4985176868,-1.406300049,-2.779549995,-0.1709680574,-0.4667873767
12.4,12.41,1686.937631,0.4985178835,-1.406299593,-2.690515085,0.1128177155,-0.249479491
12.5,12.51,1701.269291,0.4985180815,-1.406299138,-2.627707733,0.1856335018,-0.1776203339
12.6,12.61,1715.479063,0.4985182804,-1.406298685,-2.525699454,0.2994135927,0.02894897581
12.7,12.71,1729.56778,0.49851848,-1.406298233,-2.460342489,0.4082475533,0.1481063329
12.8,12.81,1743.536247,0.4985186801,-1.406297783,-2.364359671,0.6237393223,0.3877604377
12.9,12.91,1757.3853,0.4985188801,-1.406297336,-2.306499441,0.7649853751,0.4781228112
13,13.01,1771.115663,0.4985190799,-1.40629689,-2.221822219,0.9131427094,0.6317014599
13.1,13.11,1784.727942,0.4985192792,-1.406296447,-2.131999701,0.8988679965,0.7495183882
13.2,13.21,1798.222551,0.4985194778,-1.406296006,-2.044968076,0.9287227526,0.8908056221
13.3,13.31,1811.599911,0.4985196753,-1.406295568,-1.948276834,0.9462986129,1.052307194
13.4,13.41,1824.860392,0.4985198716,-1.406295131,-1.875705497,0.8295119973,1.087154986
13.5,13.51,1838.004199,0.4985200665,-1.406294697,-1.803134626,0.8687442821,1.212753948
13.6,13.61,1851.03172,0.49852026,-1.406294264,-1.747319771,0.8809888267,1.259842856
13.7,13.71,1863.943316,0.4985204519,-1.406293832,-1.668415367,0.8185730009,1.347071923
13.8,13.81,1876.739243,0.498520642,-1.406293403,-1.577120173,0.7612449811,1.475848376
13.9,13.91,1889.419776,0.4985208301,-1.406292974,-1.52118131,0.9020268439,1.59214281
14,14.01,1901.985308,0.4985210161,-1.406292548,-1.475640815,0.8308370363,1.576552994
14.1,14.11,1914.43612,0.4985212,-1.406292122,-1.424462834,0.7941534324,1.618527971
14.2,14.21,1926.77243,0.4985213817,-1.406291698,-1.381009968,0.6777019499,1.598385394
14.3,14.31,1938.994326,0.4985215612,-1.406291274,-1.327496793,0.5823136836,1.602986451
14.4,14.41,1951.101931,0.4985217388,-1.406290851,-1.273826387,0.4757725749,1.618401867
14.5,14.51,1963.095319,0.4985219143,-1.406290429,-1.210082726,0.3453265674,1.645612477
14.6,14.61,1974.974552,0.4985220879,-1.406290007,-1.164136756,0.3151418195,1.673908671
14.7,14.71,1986.739837,0.4985222594,-1.406289585,-1.134845453,0.2553533782,1.656109327
14.8,14.81,1998.391335,0.4985224289,-1.406289164,-1.125744855,0.2437862109,1.583331329
14.9,14.91,2009.929326,0.4985225966,-1.406288742,-1.127727863,0.2523228653,1.495014886
15,15.01,2021.354112,0.4985227626,-1.406288321,-1.078919862,0.1956499188,1.525665151
15.1,15.11,2032.665851,0.4985229267,-1.406287899,-1.036110789,0.1669035336,1.541965272
15.2,15.21,2043.864737,0.4985230891,-1.406287478,-0.9969979725,0.1581038518,1.560468473
15.3,15.31,2054.950916,0.4985232498,-1.406287056,-0.9894157782,0.1237846109,1.489038678
15.4,15.41,2065.924629,0.4985234088,-1.406286635,-0.9462931343,0.1003108385,1.502825517
15.5,15.51,2076.786136,0.4985235661,-1.406286213,-0.9113166655,0.07086286066,1.500125353
15.6,15.61,2087.535549,0.4985237217,-1.40628579,-0.8843597764,0.04577597651,1.485744664
15.7,15.71,2098.173004,0.4985238757,-1.406285368,-0.8355505869,0.04211102387,1.524173269
15.8,15.81,2108.698665,0.498524028,-1.406284945,-0.8079379937,-0.04709466083,1.479751137
15.9,15.91,2119.112661,0.4985241788,-1.406284522,-0.8163012033,-0.06448174062,1.373362876
16,16.01,2129.415269,0.4985243281,-1.406284098,-0.8005981022,-0.08670437476,1.330585517
16.1,16.11,2139.606751,0.4985244761,-1.406283674,-0.8247968455,-0.06363569227,1.216057506
16.2,16.21,2149.68743,0.498524623,-1.406283249,-0.800341666,-0.07928786889,1.204108574
16.3,16.31,2159.657535,0.4985247687,-1.406282824,-0.8079955449,-0.09786931111,1.11444454
16.4,16.41,2169.517275,0.4985249134,-1.406282399,-0.7915421406,-0.1343106585,1.065977754
16.5,16.51,2179.266786,0.4985250571,-1.406281973,-0.7591926667,-0.1441968028,1.075145609
16.6,16.61,2188.906238,0.4985252,-1.406281547,-0.7228825886,-0.1530055642,1.092036581
16.7,16.71,2198.435869,0.4985253419,-1.406281121,-0.7050025175,-0.07388540469,1.110201198
16.8,16.81,2207.856064,0.4985254828,-1.406280694,-0.7176883105,-0.02421901235,1.040314869
16.9,16.91,2217.167178,0.4985256227,-1.406280267,-0.7151918128,-0.04581240196,0.9762469869
17,17.01,2226.369445,0.4985257617,-1.40627984,-0.6898967044,0.004150553314,0.9961122422
17.1,17.11,2235.463187,0.4985258998,-1.406279412,-0.6809934623,0.02728347804,0.9702527201
17.2,17.21,2244.448744,0.498526037,-1.406278985,-0.6900176414,0.06446938528,0.9022222972
17.3,17.31,2253.326475,0.4985261732,-1.406278557,-0.691164498,0.1729184153,0.8738410516
17.4,17.41,2262.096837,0.4985263086,-1.406278129,-0.6684698526,0.2098097664,0.883061287
17.5,17.51,2270.760142,0.4985264428,-1.406277702,-0.6389510609,0.2594960178,0.9140858868
17.6,17.61,2279.316654,0.498526576,-1.406277275,-0.6059221597,0.276667237,0.943727701
17.7,17.71,2287.766595,0.4985267079,-1.406276848,-0.5742562306,0.2928341892,0.9613232881
17.8,17.81,2296.110219,0.4985268387,-1.406276421,-0.5720471782,0.3073501595,0.9077162006
17.9,17.91,2304.347803,0.4985269683,-1.406275994,-0.5634452339,0.3286887752,0.881379317
18,18.01,2312.479536,0.4985270968,-1.406275567,-0.5333831517,0.2904664663,0.8815620887
18.1,18.11,2320.505593,0.4985272241,-1.406275141,-0.5455817742,0.308528101,0.800570236
18.2,18.21,2328.426299,0.4985273504,-1.406274714,-0.5445084498,0.3478624339,0.7673312939
18.3,18.31,2336.241963,0.4985274756,-1.406274288,-0.5066970084,0.3279556839,0.7961530686
18.4,18.41,2343.952744,0.4985275998,-1.406273862,-0.5021273949,0.3458972707,0.7654737313
18.5,18.51,2351.558866,0.4985277228,-1.406273436,-0.5046817673,0.3413602624,0.7101689515
18.6,18.61,2359.060558,0.4985278449,-1.406273011,-0.4996210215,0.3409262947,0.6737756197
18.7,18.71,2366.458039,0.498527966,-1.406272586,-0.5032450979,0.3450026432,0.6222918982
18.8,18.81,2373.75161,0.4985280862,-1.406272161,-0.5125539192,0.3616570268,0.5587767748
18.9,18.91,2380.94155,0.4985282055,-1.406271736,-0.5113402011,0.3284773995,0.503940075
19,19.01,2388.028065,0.4985283241,-1.406271312,-0.5041378712,0.3349767277,0.4777172672
19.1,19.11,2395.011379,0.4985284419,-1.406270888,-0.4950398577,0.3409633186,0.4556492437
19.2,19.21,2401.891726,0.498528559,-1.406270465,-0.4888733746,0.3303534662,0.421118221
19.3,19.31,2408.669315,0.4985286754,-1.406270043,-0.4865617906,0.3406321445,0.39030078
19.4,19.41,2415.344366,0.4985287912,-1.40626962,-0.4806130953,0.3479922337,0.3697855548
19.5,19.51,2421.917076,0.4985289063,-1.406269199,-0.4824696072,0.3377015506,0.3177135863
19.6,19.61,2428.387658,0.4985290208,-1.406268778,-0.4770158491,0.3332248206,0.2866259385
19.7,19.71,2434.756264,0.4985291347,-1.406268357,-0.4444768506,0.2803025735,0.3039715406
19.8,19.81,2441.02294,0.4985292481,-1.406267937,-0.4217032813,0.2759829475,0.3205543996
19.9,19.91,2447.187797,0.4985293609,-1.406267517,-0.4189393969,0.2951661708,0.2980962807
20,20.01,2453.251035,0.4985294731,-1.406267098,-0.4175671714,0.2787263865,0.2575784643
20.1,20.11,2459.212841,0.4985295849,-1.406266679,-0.4170174354,0.2606959836,0.2209409888
20.2,20.21,2465.07333,0.4985296962,-1.406266261,-0.3908119164,0.2554850288,0.2467315239
20.3,20.31,2470.832594,0.498529807,-1.406265843,-0.3820665245,0.262028667,0.238961964
20.4,20.41,2476.490792,0.4985299174,-1.406265426,-0.3777018493,0.2555327671,0.2165842934
20.5,20.51,2482.048079,0.4985300273,-1.406265009,-0.3733305153,0.2472995202,0.1930411356
20.6,20.61,2487.504586,0.4985301368,-1.406264593,-0.3580349772,0.2384874166,0.1945680788
20.7,20.71,2492.860424,0.4985302459,-1.406264176,-0.3532264396,0.2542812211,0.1832291934
20.8,20.81,2498.115732,0.4985303545,-1.406263761,-0.3357999907,0.221934109,0.1769780765
20.9,20.91,2503.270571,0.4985304628,-1.406263346,-0.3267185892,0.2066828487,0.1616607738
21,21.01,2508.325071,0.4985305707,-1.406262931,-0.328326163,0.1982981362,0.1264393941
21.1,21.11,2513.279386,0.4985306783,-1.406262516,-0.3163019971,0.192526918,0.125378314
21.2,21.21,2518.133598,0.4985307855,-1.406262102,-0.3011734886,0.1747703717,0.1263140612
21.3,21.31,2522.887777,0.4985308925,-1.406261689,-0.2991860256,0.1867594326,0.1103181529
21.4,21.41,2527.542059,0.4985309991,-1.406261275,-0.2853945947,0.1725170304,0.1103032569
21.5,21.51,2532.096529,0.4985311054,-1.406260863,-0.2757731418,0.1583005109,0.1001742161
21.6,21.61,2536.551248,0.4985312115,-1.40626045,-0.2595555612,0.1414105784,0.1089068971
21.7,21.71,2540.906245,0.4985313173,-1.406260038,-0.2424385794,0.1286809274,0.1181230735
21.8,21.81,2545.161569,0.4985314229,-1.406259626,-0.236242009,0.1317929613,0.1081125794
21.9,21.91,2549.317329,0.4985315282,-1.406259214,-0.2380163048,0.1171600253,0.07435861115
22,22.01,2553.373638,0.4985316334,-1.406258803,-0.24089712,0.09524777702,0.03615404609
22.1,22.11,2557.330618,0.4985317384,-1.406258391,-0.2308798244,0.08645681862,0.03395718625
22.2,22.21,2561.188346,0.4985318432,-1.406257981,-0.2279441318,0.09082053986,0.02295976774
22.3,22.31,2564.94692,0.498531948,-1.40625757,-0.2234200982,0.07963253628,0.006023061035
22.4,22.41,2568.606441,0.4985320526,-1.40625716,-0.2183325729,0.0821564737,-0.00216129524
22.5,22.51,2572.167017,0.4985321572,-1.40625675,-0.2186344912,0.09293637685,-0.01710268357
22.6,22.61,2575.628776,0.4985322616,-1.406256341,-0.2128977132,0.09970631173,-0.02094830173
22.7,22.71,2578.991865,0.4985323659,-1.406255931,-0.2121827218,0.1111877006,-0.03294319232
22.8,22.81,2582.256415,0.4985324702,-1.406255523,-0.208174502,0.1061960001,-0.04432595491
22.9,22.91,2585.422516,0.4985325743,-1.406255114,-0.2024067418,0.1034956298,-0.04920853979
23,23.01,2588.490242,0.4985326784,-1.406254706,-0.1990950177,0.1020902071,-0.05916445479
23.1,23.11,2591.459678,0.4985327823,-1.406254298,-0.2025535553,0.09898440733,-0.08170155431
23.2,23.21,2594.330965,0.4985328863,-1.406253891,-0.2069486387,0.1063603686,-0.1012345958
23.3,23.31,2597.10425,0.4985329901,-1.406253484,-0.2044223071,0.1122516854,-0.1073861954
23.4,23.41,2599.77963,0.4985330939,-1.406253078,-0.1988636268,0.1240294741,-0.1030503316
23.5,23.51,2602.357218,0.4985331976,-1.406252672,-0.1992493283,0.1285160948,-0.1118141253
23.6,23.61,2604.837162,0.4985333013,-1.406252266,-0.1987254634,0.137530241,-0.1144087001
23.7,23.71,2607.219581,0.4985334048,-1.406251861,-0.1973531432,0.1420899102,-0.117691219
23.8,23.81,2609.504588,0.4985335083,-1.406251457,-0.2023562076,0.1472445789,-0.1287465656
23.9,23.91,2611.692305,0.4985336117,-1.406251053,-0.2090970923,0.1515938956,-0.1423321724
24,24.01,2613.78286,0.498533715,-1.406250649,-0.2069945688,0.1525737108,-0.1432604348
24.1,24.11,2615.776348,0.4985338182,-1.406250246,-0.2103687353,0.1595763796,-0.1477262277
24.2,24.21,2617.672891,0.4985339213,-1.406249843,-0.2152874295,0.1682027317,-0.1559695457
24.3,24.31,2619.472616,0.4985340243,-1.406249441,-0.2136432228,0.1634502759,-0.1632812719
24.4,24.41,2621.1756,0.4985341272,-1.406249039,-0.2155581483,0.1715940768,-0.1683046465
24.5,24.51,2622.781941,0.49853423,-1.406248638,-0.2130932301,0.1750482089,-0.1682580689
24.6,24.61,2624.291731,0.4985343327,-1.406248238,-0.2133839719,0.1830203146,-0.17050455
24.7,24.71,2625.705072,0.4985344353,-1.406247838,-0.2160995598,0.1886798559,-0.1774163237
24.8,24.81,2627.022065,0.4985345378,-1.406247438,-0.216600222,0.1927707592,-0.1764619337
24.9,24.91,2628.2428,0.4985346402,-1.406247039,-0.2185564645,0.1987316912,-0.1762208065
25,25.01,2629.367379,0.4985347424,-1.406246641,-0.2201182744,0.1993398321,-0.1779916965
25.1,25.11,2630.395878,0.4985348446,-1.406246243,-0.2243674698,0.1967105414,-0.1852638048
25.2,25.21,2631.328367,0.4985349466,-1.406245845,-0.2266508165,0.1964450118,-0.1886538796
25.3,25.31,2632.16494,0.4985350485,-1.406245448,-0.2327875079,0.2001310273,-0.1951826829
25.4,25.41,2632.9057,0.4985351503,-1.406245052,-0.238466384,0.203447599,-0.2013423124
25.5,25.51,2633.550748,0.498535252,-1.406244656,-0.2405081931,0.205045942,-0.2028153253
25.6,25.61,2634.10014,0.4985353536,-1.406244261,-0.2376941559,0.2033464835,-0.1986889457
25.7,25.71,2634.553872,0.498535455,-1.406243866,-0.2342494208,0.1999066636,-0.1947250948
25.8,25.81,2634.911935,0.4985355564,-1.406243471,-0.234480766,0.2004292342,-0.1935861619
25.9,25.91,2635.174353,0.4985356577,-1.406243077,-0.2365649418,0.2031347303,-0.1937184759
26,26.01,2635.341171,0.4985357589,-1.406242684,-0.2374567501,0.2046338485,-0.1928248945
26.1,26.11,2635.412422,0.4985358601,-1.406242291,-0.239132287,0.2060352926,-0.193102071
26.2,26.21,2635.388144,0.4985359611,-1.406241898,-0.2417009714,0.2083374773,-0.1940673824
26.3,26.31,2635.26839,0.498536062,-1.406241506,-0.2458179699,0.2119235119,-0.1964239928
26.4,26.41,2635.053224,0.4985361628,-1.406241114,-0.2499710953,0.2155089189,-0.1987733793
26.5,26.51,2634.742714,0.4985362636,-1.406240723,-0.2540175444,0.2184023317,-0.2013541421
26.6,26.61,2634.33692,0.4985363642,-1.406240332,-0.259218203,0.2228551401,-0.2045736866
26.7,26.71,2633.835923,0.4985364648,-1.406239942,-0.2659006872,0.2292039165,-0.2086728891
26.8,26.81,2633.239829,0.4985365653,-1.406239552,-0.273838515,0.2355553522,-0.2145140143
26.9,26.91,2632.548756,0.4985366657,-1.406239162,-0.2830484264,0.2451515637,-0.2200444812
27,27.01,2631.762846,0.498536766,-1.406238772,-0.2949963892,0.252628879,-0.2307991354
27.1,27.11,2630.882256,0.4985368662,-1.406238384,-0.3051793171,0.2602057983,-0.2387989901
27.2,27.21,2629.90713,0.4985369664,-1.406237995,-0.3156412787,0.2678203573,-0.2470672392
27.3,27.31,2628.837618,0.4985370664,-1.406237607,-0.3306797587,0.2798395567,-0.2590770662
27.4,27.41,2627.673917,0.4985371665,-1.406237219,-0.3442538123,0.2911669979,-0.269224234
27.5,27.51,2626.416225,0.4985372664,-1.406236832,-0.3589995333,0.3040696975,-0.2798939221
27.6,27.61,2625.06474,0.4985373663,-1.406236445,-0.3680603733,0.3106805577,-0.2861009866
27.7,27.71,2623.619601,0.4985374661,-1.406236058,-0.3809955232,0.3228793957,-0.2942615615
27.8,27.81,2622.080978,0.4985375659,-1.406235672,-0.3994627027,0.3324186488,-0.3120165304
27.9,27.91,2620.44911,0.4985376657,-1.406235286,-0.4180643525,0.3451854854,-0.3276822093
28,28.01,2618.724229,0.4985377654,-1.4062349,-0.4338247314,0.3573910594,-0.3393483748
28.1,28.11,2616.906536,0.4985378652,-1.406234515,-0.4534463751,0.3723762941,-0.3546433889
28.2,28.21,2614.996261,0.4985379649,-1.40623413,-0.472189487,0.388742949,-0.3675203791
28.3,28.31,2612.993648,0.4985380647,-1.406233745,-0.4925760684,0.4058627001,-0.382016654
28.4,28.41,2610.898951,0.4985381644,-1.406233361,-0.5132429492,0.4214499233,-0.3975841874
28.5,28.51,2608.712417,0.4985382643,-1.406232977,-0.5364796916,0.4371033016,-0.4165469496
28.6,28.61,2606.434299,0.4985383642,-1.406232593,-0.5631147127,0.4550683825,-0.4386592468
28.7,28.71,2604.064894,0.4985384642,-1.406232209,-0.5909000569,0.480354817,-0.4573481475
28.8,28.81,2601.604517,0.4985385644,-1.406231825,-0.6209159211,0.4987470463,-0.4832211651
28.9,28.91,2599.053488,0.4985386647,-1.406231442,-0.6555500134,0.5138756587,-0.5174442446
29,29.01,2596.412119,0.4985387652,-1.406231058,-0.6916055212,0.5307681763,-0.5521512635
29.1,29.11,2593.680733,0.498538866,-1.406230675,-0.7296173197,0.5518115136,-0.5865035932
29.2,29.21,2590.859634,0.4985389671,-1.406230292,-0.7668524516,0.5620667815,-0.6260282459
29.3,29.31,2587.949092,0.4985390687,-1.406229908,-0.8056129397,0.5781356796,-0.663485863
29.4,29.41,2584.949367,0.4985391706,-1.406229525,-0.8469878111,0.5893971669,-0.7070612524
29.5,29.51,2581.860663,0.4985392732,-1.406229141,-0.887630805,0.5950800878,-0.7524399132
29.6,29.61,2578.683127,0.4985393764,-1.406228758,-0.9278390837,0.5885778575,-0.8031986494
29.7,29.71,2575.416696,0.4985394803,-1.406228374,-0.9354747368,0.5616359833,-0.8082777787
29.8,29.81,2572.060919,0.498539585,-1.40622799,-0.9435457869,0.5290175892,-0.8144829072
29.9,29.91,2568.615283,0.4985396905,-1.406227606,-0.9505140297,0.4912987546,-0.816698575
30,30.01,2565.079251,0.498539797,-1.406227222,-0.9552982851,0.4482028994,-0.8095144728
30.1,30.11,2561.452246,0.4985399043,-1.406226838,-0.9467976369,0.3924849414,-0.7839225625
30.2,30.21,2557.733541,0.4985400126,-1.406226454,-0.9267043868,0.3248930848,-0.7447059657
30.3,30.31,2553.922344,0.4985401217,-1.40622607,-0.8966771045,0.2406769005,-0.6988542614
30.4,30.41,2550.017788,0.4985402316,-1.406225686,-0.8532958849,0.1645541537,-0.6279298752
30.5,30.51,2546.019039,0.4985403422,-1.406225302,-0.8074731755,0.07048437906,-0.5585800223
30.6,30.61,2541.925358,0.4985404533,-1.406224919,-0.7370101557,-0.05299588927,-0.4704902524
30.7,30.71,2537.7361,0.4985405649,-1.406224537,-0.6616797608,-0.1806297313,-0.3829004488
30.8,30.81,2533.450802,0.4985406769,-1.406224156,-0.580908044,-0.2940836679,-0.2890571246
30.9,30.91,2529.0692,0.498540789,-1.406223775,-0.4871401162,-0.4042638093,-0.161639776
31,31.01,2524.591185,0.4985409012,-1.406223397,-0.3865414179,-0.524110782,-0.02900398311
31.1,31.11,2520.016839,0.4985410133,-1.40622302,-0.301982523,-0.6410030808,0.08333203564
31.2,31.21,2515.346448,0.4985411251,-1.406222645,-0.1885787851,-0.7902140156,0.2468056692
31.3,31.31,2510.580465,0.4985412363,-1.406222273,-0.07846651557,-0.9278564569,0.3642094335
31.4,31.41,2505.719545,0.4985413468,-1.406221903,0.05194167825,-1.033807054,0.5052534719
31.5,31.51,2500.764549,0.4985414562,-1.406221535,0.210162488,-1.109569183,0.6882302376
31.6,31.61,2495.716531,0.4985415643,-1.406221171,0.3842931321,-1.186627996,0.8817613903
31.7,31.71,2490.576721,0.4985416708,-1.40622081,0.4961170607,-1.204901938,1.031380023
31.8,31.81,2485.3463,0.4985417755,-1.406220452,0.5543004739,-1.185740198,1.130636396
31.9,31.91,2480.026311,0.4985418783,-1.406220098,0.6100571414,-1.159105404,1.235876742
32,32.01,2474.617724,0.4985419792,-1.406219746,0.6586405266,-1.119786479,1.337563232
32.1,32.11,2469.121443,0.4985420782,-1.406219398,0.7039812363,-1.095931759,1.427605633
32.2,32.21,2463.538354,0.4985421751,-1.406219053,0.7438027829,-1.042522248,1.530847362
32.3,32.31,2457.86927,0.4985422699,-1.406218711,0.7770805783,-0.9922945927,1.62689606
32.4,32.41,2452.114951,0.4985423625,-1.406218372,0.8027509792,-0.9304115123,1.721394095
32.5,32.51,2446.276072,0.4985424529,-1.406218036,0.8190700098,-0.8425897217,1.818165384
32.6,32.61,2440.353239,0.4985425411,-1.406217703,0.8330755941,-0.7692454639,1.906595716
32.7,32.71,2434.347018,0.4985426268,-1.406217372,0.8434526161,-0.6711889858,2.014599946
32.8,32.81,2427.940099,0.4985426903,-1.406217055,10.7473113,-0.8596598932,-1.415410375
32.9,32.91,2421.678619,0.4985427642,-1.406216733,6.894582694,-0.8057607373,-0.06706152891
33,33.01,2415.287732,0.498542833,-1.406216415,-0.3067474551,-0.7899703276,3.075833981
33.1,33.11,2408.812509,0.4985428997,-1.406216099,-0.1516760091,-0.704889752,3.098318114
33.2,33.21,2402.253039,0.4985429642,-1.406215786,-0.006336156767,-0.679996465,3.106493966
33.3,33.31,2395.609322,0.4985430262,-1.406215475,0.08497596872,-0.5999444135,3.035765763
33.4,33.41,2388.881938,0.4985430859,-1.406215166,0.06935301173,-0.5094367386,2.924361857
33.5,33.51,2382.071966,0.4985431432,-1.406214861,0.007182395504,-0.4061296811,2.693661225
33.6,33.61,2375.18005,0.4985431985,-1.406214557,-0.1121698375,-0.3111322067,2.342133001
33.7,33.71,2368.206343,0.498543252,-1.406214255,-0.2302607472,-0.1888244197,1.956177623
33.8,33.81,2361.150513,0.4985433041,-1.406213955,-0.4586619088,-0.1068210794,1.412056338
33.9,33.91,2354.011345,0.4985433556,-1.406213655,-0.7319292056,-0.03978438407,0.9316872483
34,34.01,2346.788127,0.4985434069,-1.406213357,-0.8808231854,-0.002953668492,0.7820481859
34.1,34.11,2339.481653,0.4985434587,-1.406213058,-0.8139154031,-0.0008339905785,0.827822094
34.2,34.21,2332.093251,0.4985435112,-1.406212759,-0.4732258362,-0.02141953161,0.9633934115
34.3,34.31,2324.623975,0.4985435644,-1.406212461,-0.03691306474,-0.05331823877,0.9255539782
34.4,34.41,2317.074111,0.4985436182,-1.406212163,0.4109041033,-0.09598042925,0.8094282923
34.5,34.51,2309.444032,0.4985436722,-1.406211866,0.8138491686,-0.1384270515,0.7168126295
34.6,34.61,2301.734564,0.4985437264,-1.40621157,1.262294032,-0.172601666,0.5587369721
34.7,34.71,2293.946941,0.4985437804,-1.406211276,1.734869371,-0.1871507588,0.272393224
34.8,34.81,2286.082504,0.4985438338,-1.406210984,2.099559877,-0.1620494652,-0.104633099
34.9,34.91,2278.142442,0.4985438864,-1.406210695,2.410521867,-0.008193499734,-0.5582526628
35,35.01,2270.128462,0.4985439374,-1.406210409,2.613550988,0.1476047908,-0.9520231484
35.1,35.11,2262.042624,0.4985439865,-1.406210125,2.661965506,0.1970471544,-1.243995419
35.2,35.21,2253.886789,0.4985440338,-1.406209845,2.624046198,0.1168250576,-1.396405091
35.3,35.31,2245.663417,0.4985440792,-1.406209568,2.857820897,-0.005299689954,-1.800500217
35.4,35.41,2237.376462,0.4985441231,-1.406209294,3.211760831,-0.2562824983,-2.293130942
35.5,35.51,2229.029765,0.4985441661,-1.406209024,3.441509215,-0.5007226284,-2.276908509
35.6,35.61,2220.625979,0.4985442093,-1.406208757,3.669897765,-0.4557221564,-2.017154714
35.7,35.71,2212.166646,0.4985442539,-1.406208493,3.912929184,-0.279182363,-1.97824072
35.8,35.81,2203.651626,0.4985443007,-1.406208231,3.77153303,-0.1239319197,-1.948695496
35.9,35.91,2195.078711,0.49854435,-1.40620797,3.590406619,0.02396198688,-2.28170817
36,36.01,2186.445591,0.4985444019,-1.40620771,3.514300894,0.01596092037,-2.474244735
36.1,36.11,2177.751219,0.4985444563,-1.40620745,3.166394691,-0.08913642539,-2.665218477
36.2,36.21,2168.99463,0.4985445131,-1.40620719,2.621877762,-0.1467291341,-2.808876392
36.3,36.31,2160.174495,0.4985445719,-1.406206931,2.044966544,-0.130662294,-2.904267241
36.4,36.41,2151.289487,0.498544632,-1.406206671,1.359442392,-0.06573144572,-2.912767638
36.5,36.51,2142.338179,0.498544693,-1.406206412,0.6991920779,-0.01502467961,-2.818768824
36.6,36.61,2133.318783,0.4985447542,-1.406206153,0.08305677301,0.02422300248,-2.674879575
36.7,36.71,2124.229657,0.4985448152,-1.406205895,-0.4618294754,0.03519635249,-2.531798653
36.8,36.81,2115.069555,0.4985448756,-1.406205636,-1.020208325,0.006251357385,-2.405320147
36.9,36.91,2105.837604,0.4985449351,-1.406205378,-1.651831034,-0.07524399959,-2.285192562
37,37.01,2096.533291,0.4985449931,-1.406205121,-2.235551268,-0.2265173402,-2.100050092
37.1,37.11,2087.15591,0.4985450494,-1.406204865,-2.477119472,-0.430643626,-1.876372994
37.2,37.21,2077.704314,0.4985451043,-1.406204611,-2.209207651,-0.6846246783,-2.062439138
37.3,37.31,2068.201719,0.4985451546,-1.40620436,-1.583733585,-0.8680118767,-2.519829142
37.4,37.41,2058.62186,0.4985452069,-1.406204109,-1.218908491,-1.068201449,-3.256165666
37.5,37.51,2048.973003,0.4985452602,-1.40620386,-0.9076194576,-1.166402466,-4.304394671
37.6,37.61,2039.260345,0.4985453155,-1.40620361,-0.8012845678,-1.205944074,-5.029474887
37.7,37.71,2029.489001,0.4985453731,-1.406203359,-0.8336126188,-1.209504034,-5.497151185
37.8,37.81,2019.666579,0.4985454334,-1.406203108,-2.030373239,-1.568341124,-7.948867398
37.9,37.91,2009.817915,0.498545496,-1.406202857,-5.888932138,-2.855807645,-15.13278426
38,38.01,1999.993011,0.4985455599,-1.406202606,-8.607407076,-3.643990374,-20.55912777
38.1,38.11,1990.211715,0.4985456239,-1.406202357,-9.532009441,-3.594246856,-19.55920435
38.2,38.21,1980.453935,0.4985456863,-1.406202112,-12.19844658,-3.45242296,-20.99673126
38.3,38.31,1970.710747,0.4985457455,-1.40620187,-13.29546327,-3.201020259,-23.8417711
38.4,38.41,1960.982046,0.4985458023,-1.40620163,-14.55495783,-3.449676286,-23.5262972
38.5,38.51,1951.279807,0.498545859,-1.406201389,-18.16988093,-2.555546876,-17.71517645
38.6,38.61,1941.626421,0.4985459149,-1.406201148,-21.90268819,-0.1831144475,-6.148741328
38.7,38.71,1932.027464,0.4985459676,-1.406200909,-21.77877412,3.332383713,12.91904469
38.8,38.81,1922.480919,0.4985460191,-1.406200672,-19.63382288,5.662820269,22.0868738
38.9,38.91,1912.979562,0.4985460699,-1.406200438,-12.071232,7.441198176,25.19858337
39,39.01,1903.519735,0.498546116,-1.406200206,-7.348526962,7.37932496,25.95625776
39.1,39.11,1894.098357,0.4985461558,-1.406199979,-5.636882503,6.802789923,24.4911389
39.2,39.21,1884.708529,0.4985461894,-1.406199757,-5.854132745,6.364384096,23.04410853
39.3,39.31,1875.344984,0.4985462172,-1.40619954,-7.564446085,6.017181561,21.40003957
39.4,39.41,1866.002857,0.4985462397,-1.406199326,-10.84972849,5.232508645,17.6782815
39.5,39.51,1856.672252,0.4985462588,-1.406199115,-15.11208613,3.35156605,12.44857512
39.6,39.61,1847.350118,0.498546277,-1.406198906,-13.17288533,1.52919611,5.085428564
39.7,39.71,1838.048735,0.4985462932,-1.406198701,-8.377096705,-0.2869786524,-6.936523728
39.8,39.81,1828.788641,0.4985463045,-1.406198502,-3.360186397,-1.906344712,-18.09050829
39.9,39.91,1819.587782,0.4985463121,-1.406198306,2.250103546,-2.990529488,-21.13579068
40,40.01,1810.440881,0.4985463197,-1.40619811,5.349005724,-3.454595749,-22.7658895
40.1,40.11,1801.33318,0.4985463279,-1.406197914,6.183224919,-2.8647474,-22.01487688
40.2,40.21,1792.254528,0.4985463355,-1.406197718,6.10376241,-2.612097111,-20.81200761
40.3,40.31,1783.197807,0.4985463421,-1.406197523,5.715580135,-2.490472768,-19.99235067
40.4,40.41,1774.158719,0.4985463477,-1.406197328,5.133126133,-2.485670765,-19.52080981
40.5,40.51,1765.136165,0.4985463531,-1.406197133,4.238208678,-2.785311912,-18.4372276
40.6,40.61,1756.132941,0.4985463595,-1.406196936,2.482467671,-2.5712288,-17.28384693
40.7,40.71,1747.158459,0.4985463671,-1.406196739,-1.03918788,-1.386984445,-11.88067951
40.8,40.81,1738.222202,0.4985463735,-1.406196543,-4.098265792,-0.6326360324,-4.365836027
40.9,40.91,1729.320242,0.4985463773,-1.40619635,-5.078454839,1.034702913,7.070638908
41,41.01,1720.448356,0.49854638,-1.40619616,-5.704695622,2.102088403,14.79103699
41.1,41.11,1711.601108,0.498546383,-1.406195971,-5.319419086,3.081432548,18.70330062
41.2,41.21,1702.772658,0.4985463863,-1.406195783,-3.420028518,3.629890888,20.14083794
41.3,41.31,1693.95768,0.4985463887,-1.406195596,-2.041468483,3.747135702,20.46512641
41.4,41.41,1685.153664,0.498546389,-1.406195412,-2.321271946,3.50001955,19.29418512
41.5,41.51,1676.356284,0.4985463876,-1.406195229,-4.010716883,2.924835822,16.78842303
41.6,41.61,1667.560507,0.4985463853,-1.406195047,-5.645666165,2.115967088,13.70558839
41.7,41.71,1658.766683,0.4985463832,-1.406194866,-4.974351265,1.239471666,9.247810543
41.8,41.81,1649.979362,0.4985463806,-1.406194687,-2.737016782,0.5045142914,2.703674675
41.9,41.91,1641.20793,0.498546376,-1.406194512,0.3832441662,-0.2580978409,-5.711362923
42,42.01,1632.46424,0.4985463681,-1.406194341,3.642176346,-0.6592715237,-12.87673799
42.1,42.11,1623.760305,0.4985463573,-1.406194174,7.942570207,-0.8320557264,-15.65452939
42.2,42.21,1615.09807,0.498546346,-1.406194008,10.36762,-0.8050823622,-16.39448609
42.3,42.31,1606.468137,0.4985463358,-1.406193841,11.86675772,-0.7830954662,-16.8443138
42.4,42.41,1597.861915,0.4985463269,-1.406193672,12.19622738,-0.6813570223,-16.31609998
42.5,42.51,1589.274968,0.4985463196,-1.406193503,11.69913917,-0.6528215831,-15.6720878
42.6,42.61,1580.704795,0.4985463138,-1.406193332,10.59242573,-0.6572886981,-14.79568601
42.7,42.71,1572.152585,0.4985463098,-1.406193159,8.896870545,-0.5421886878,-13.1690059
42.8,42.81,1563.625284,0.4985463069,-1.406192986,6.25769399,-0.4207512821,-10.72134495
42.9,42.91,1555.126065,0.4985463037,-1.406192815,3.906960584,-0.3264363613,-6.44374319
43,43.01,1546.650522,0.4985462988,-1.406192647,1.88410609,-0.1932561699,1.528880666
43.1,43.11,1538.194713,0.4985462928,-1.406192482,0.39578083,-0.1116811561,8.440705769
43.2,43.21,1529.754894,0.4985462863,-1.406192319,-0.627449858,0.05708130041,13.09092617
43.3,43.31,1521.326605,0.4985462802,-1.406192157,-1.154411054,0.06269269826,15.713126
43.4,43.41,1512.906252,0.4985462746,-1.406191994,-1.285045776,0.07821423565,16.53040006
43.5,43.51,1504.489647,0.4985462697,-1.406191832,-1.255155041,0.005870156328,16.16435091
43.6,43.61,1496.073706,0.4985462652,-1.40619167,-1.413420663,-0.01286590299,14.94461365
43.7,43.71,1487.656956,0.4985462614,-1.406191508,-1.255314724,-0.08982820497,12.81557386
43.8,43.81,1479.239848,0.4985462577,-1.406191346,-0.2923977805,0.02984129795,9.398752833
43.9,43.91,1470.82414,0.4985462537,-1.406191186,1.347907788,0.1104581748,4.998453404
44,44.01,1462.415242,0.4985462485,-1.406191028,3.872761426,0.2746015775,-0.7729148016
44.1,44.11,1454.020645,0.4985462415,-1.406190875,6.316711068,0.5875600129,-6.283286447
44.2,44.21,1445.648352,0.4985462322,-1.406190726,9.308841952,0.7889883471,-10.86538411
44.3,44.31,1437.306857,0.4985462214,-1.406190582,11.7990117,0.6768177119,-12.32546321
44.4,44.41,1428.997473,0.4985462109,-1.406190439,13.63278808,0.6990465027,-12.63169152
44.5,44.51,1420.716072,0.4985462015,-1.406190296,14.19406943,0.7402818146,-12.61039781
44.6,44.61,1412.457,0.4985461938,-1.406190152,14.01071612,0.6941859223,-12.50087689
44.7,44.71,1404.216765,0.4985461875,-1.406190007,13.26141245,0.580689333,-11.9418934
44.8,44.81,1395.99555,0.4985461827,-1.406189861,11.6887269,0.3659138964,-10.68796886
44.9,44.91,1387.794952,0.4985461789,-1.406189714,9.472618809,0.3408505594,-9.391009237
45,45.01,1379.618312,0.4985461749,-1.40618957,10.07792005,-0.0331781441,-7.301915166
45.1,45.11,1371.485202,0.4985461699,-1.406189428,8.229640264,-0.5929081611,-0.6723732933
45.2,45.21,1363.40417,0.4985461635,-1.40618929,6.471971621,-0.8652727369,6.666924908
45.3,45.31,1355.370153,0.498546156,-1.406189154,4.966173606,-0.9368456088,12.41291744
45.4,45.41,1347.377467,0.4985461479,-1.406189019,4.154123854,-0.9467426332,15.55525214
45.5,45.51,1339.4202,0.4985461393,-1.406188885,4.063677081,-0.8198878345,16.34836598
45.6,45.61,1331.493626,0.4985461303,-1.406188752,4.424138486,-0.5408802394,15.21318097
45.7,45.71,1323.594461,0.4985461209,-1.40618862,5.139343015,-0.08504252225,12.76243116
45.8,45.81,1315.721575,0.4985461107,-1.406188489,6.540744096,0.1931664886,8.75390173
45.9,45.91,1307.876903,0.4985460995,-1.406188361,8.576172666,0.528875655,3.782308038
46,46.01,1300.064619,0.4985460866,-1.406188237,10.7462735,0.783466485,-1.49774989
46.1,46.11,1292.289303,0.4985460718,-1.406188117,12.58931272,0.7822047238,-5.795806038
46.2,46.21,1284.555817,0.4985460553,-1.406188002,14.92172689,0.6044776341,-9.580684928
46.3,46.31,1276.868349,0.4985460376,-1.406187891,15.96891869,0.3778339562,-10.90830752
46.4,46.41,1269.226242,0.4985460193,-1.406187784,16.34109013,0.3533775671,-10.60576176
46.5,46.51,1261.629895,0.4985460009,-1.406187677,18.39577058,0.3229806256,-11.93350037
46.6,46.61,1254.093239,0.4985459824,-1.406187572,18.5476486,0.1131767833,-11.71353737
46.7,46.71,1246.629023,0.4985459636,-1.406187469,15.49656423,-0.3940511351,-7.956653874
46.8,46.81,1239.23531,0.498545944,-1.406187368,12.31980957,-0.4639977969,-1.749541014
46.9,46.91,1231.90624,0.4985459237,-1.406187269,10.46057633,-0.4779399291,4.491338472
47,47.01,1224.638239,0.4985459026,-1.406187171,9.255184863,-0.3076251967,10.1165218
47.1,47.11,1217.427641,0.4985458809,-1.406187075,8.548188771,-0.1215955367,13.61879345
47.2,47.21,1210.269342,0.4985458588,-1.40618698,8.180818382,0.06395101385,14.82227283
47.3,47.31,1203.157445,0.4985458364,-1.406186886,8.283804699,0.2175850065,13.99382697
47.4,47.41,1196.087734,0.4985458135,-1.406186793,8.817933531,0.1599997707,11.44723596
47.5,47.51,1189.058509,0.4985457902,-1.406186701,9.746732254,0.03485233045,7.585320944
47.6,47.61,1182.070204,0.4985457659,-1.406186611,11.35963487,0.1770966258,3.025965645
47.7,47.71,1175.125031,0.4985457404,-1.406186525,13.01563038,0.2361189774,-1.455340375
47.8,47.81,1168.225275,0.4985457134,-1.406186441,14.53207199,0.08900533276,-5.01924218
47.9,47.91,1161.373366,0.4985456851,-1.406186361,15.72606326,-0.1601201442,-7.480112522
48,48.01,1154.570211,0.4985456556,-1.406186284,16.29027095,-0.07761011642,-8.488548099
48.1,48.11,1147.813338,0.4985456254,-1.406186208,15.8658807,-0.1970968783,-8.263927747
48.2,48.21,1141.099123,0.4985455945,-1.406186134,14.84706718,-0.3783977823,-7.195119291
48.3,48.31,1134.424314,0.498545563,-1.406186061,13.73172626,-0.3037430887,-5.255066578
48.4,48.41,1127.78622,0.498545531,-1.406185989,12.20412485,-0.3909571883,-2.572090504
48.5,48.51,1121.181707,0.4985454985,-1.406185919,10.91771414,-0.4698418571,0.4619361305
48.6,48.61,1114.608391,0.4985454656,-1.406185849,10.0059267,-0.4246381768,3.707047495
48.7,48.71,1108.065126,0.4985454324,-1.406185781,9.521218286,-0.158149387,6.344792324
48.8,48.81,1101.550009,0.4985453991,-1.406185714,9.204711085,0.1898367958,8.294717938
48.9,48.91,1095.060668,0.4985453657,-1.406185648,9.251818284,0.4328499923,8.931649352
49,49.01,1088.595018,0.4985453324,-1.406185583,9.304993563,0.5544877999,8.859695322
49.1,49.11,1082.077967,0.4985452949,-1.406185524,2.006866319,-0.002483463764,0.3744949059
49.2,49.21,1075.505988,0.4985452609,-1.406185461,2.07879647,-0.005174189141,0.3450238966
49.3,49.31,1068.855931,0.4985452265,-1.406185399,2.13218104,-0.01260313708,0.3311516854
49.4,49.41,1062.128219,0.4985451917,-1.406185339,2.194430479,-0.01806299303,0.3184110052
49.5,49.51,1055.323346,0.4985451564,-1.40618528,2.297701409,-0.01720735497,0.266860112
49.6,49.61,1048.441967,0.4985451208,-1.406185222,2.372532233,-0.01989353332,0.2437870111
49.7,49.71,1041.48468,0.4985450848,-1.406185165,2.477723704,-0.01979441329,0.1773168558
49.8,49.81,1034.452106,0.4985450483,-1.40618511,2.566643534,-0.02013697241,0.1486148541
49.9,49.91,1027.344873,0.4985450113,-1.406185057,2.631393261,-0.01897755807,0.1230485618
50,50.01,1020.163513,0.4985449739,-1.406185005,2.723499567,-0.004696736375,0.04498009503
50.1,50.11,1012.908555,0.4985449359,-1.406184956,2.799131641,0.00557118512,0.001936441207
50.2,50.21,1005.580603,0.4985448973,-1.406184908,2.889109949,0.016029622,-0.03767589488
50.3,50.31,998.1807473,0.4985448582,-1.406184862,6.077853505,0.893413373,1.603748544
50.4,50.41,990.7569272,0.4985448186,-1.406184819,15.12460386,3.305634918,5.775057628
50.5,50.51,983.3758613,0.4985447788,-1.406184778,17.6131539,3.526748902,5.606102076
50.6,50.61,976.0617767,0.4985447387,-1.406184739,18.34805172,2.514438847,4.089251355
50.7,50.71,968.8379598,0.4985446981,-1.406184702,21.400849,0.8814602583,2.377771762
50.8,50.81,961.7257016,0.4985446571,-1.406184667,20.99440591,-1.545219883,-0.2171913234
50.9,50.91,954.7356233,0.4985446156,-1.406184635,22.04040195,-3.896728328,-2.102474869
51,51.01,947.8788319,0.4985445738,-1.406184605,21.84547642,-5.039881765,-2.578873348
51.1,51.11,941.1590311,0.4985445318,-1.406184576,21.61568204,-4.741057371,-1.360524309
51.2,51.21,934.5780798,0.4985444898,-1.406184549,21.75730857,-2.927441669,1.346302858
51.3,51.31,928.1365052,0.4985444478,-1.406184523,21.58058346,-0.2653247441,4.648466571
51.4,51.41,921.829779,0.4985444062,-1.406184499,21.58065907,2.277349282,7.502410609
51.5,51.51,915.650391,0.4985443653,-1.406184475,21.53775667,4.032369431,9.181461221
51.6,51.61,909.5903039,0.4985443253,-1.406184453,21.24922753,4.742062545,9.418336029
51.7,51.71,903.6413889,0.4985442863,-1.40618443,20.83442697,4.478995855,8.44390178
51.8,51.81,897.7979483,0.4985442485,-1.406184409,19.9621825,3.301792817,6.465030045
51.9,51.91,892.0544589,0.4985442116,-1.406184387,18.97694512,1.460431969,3.937541649
52,52.01,886.4058023,0.4985441756,-1.406184366,18.10759609,-0.6743382711,1.372152906
52.1,52.11,880.8477713,0.4985441404,-1.406184345,17.16810213,-2.571633307,-0.7239801128
52.2,52.21,875.3750059,0.4985441059,-1.406184325,16.49193309,-3.816456626,-1.931808478
52.3,52.31,869.982158,0.4985440723,-1.406184304,15.74860878,-4.121476093,-2.112374723
52.4,52.41,864.6636514,0.4985440396,-1.406184282,15.25827616,-3.573401001,-1.352165963
52.5,52.51,859.4149087,0.4985440077,-1.406184261,14.86535082,-2.26465733,0.1129737412
52.6,52.61,854.2311072,0.4985439767,-1.406184239,14.77820873,-0.5370846218,1.924649382
52.7,52.71,849.1085554,0.4985439466,-1.406184217,14.9530923,1.242264417,3.734747016
52.8,52.81,844.0436816,0.4985439177,-1.406184194,15.05566206,2.678828679,5.131717047
52.9,52.91,839.0318133,0.4985438898,-1.406184171,15.14457133,3.590454552,6.00676059
53,53.01,834.0689074,0.498543863,-1.406184147,14.99043959,3.907468142,6.228346204
53.1,53.11,829.1511405,0.4985438375,-1.406184122,14.66729629,3.69598986,5.86397381
53.2,53.21,824.2755328,0.4985438131,-1.406184097,14.27441577,2.997589161,5.061191258
53.3,53.31,819.4407953,0.4985437897,-1.406184071,13.54580119,1.783622397,3.82013531
53.4,53.41,814.6453598,0.4985437673,-1.406184044,13.03358935,0.3063825125,2.362615871
53.5,53.51,809.8886088,0.4985437458,-1.406184016,12.43340154,-1.229673877,0.8495701577
53.6,53.61,805.1687779,0.4985437253,-1.406183988,12.01714411,-2.502900718,-0.4594903007
53.7,53.71,800.4837914,0.4985437055,-1.406183959,11.6761663,-3.316875394,-1.342539097
53.8,53.81,795.8315804,0.4985436865,-1.406183929,11.45757272,-3.579378035,-1.689431582
53.9,53.91,791.2102544,0.4985436681,-1.406183897,11.30692847,-3.258870629,-1.469076904
54,54.01,786.6179656,0.4985436504,-1.406183865,11.25954145,-2.422981747,-0.7550529677
54.1,54.11,782.0534513,0.4985436334,-1.406183832,11.47659619,-1.196421642,0.3052844927
54.2,54.21,777.5162029,0.4985436171,-1.406183798,11.72615844,0.2247727658,1.553500838
54.3,54.31,773.0048723,0.4985436014,-1.406183764,12.02970701,1.582787475,2.768589529
54.4,54.41,768.5177097,0.4985435863,-1.406183728,12.2991439,2.658095548,3.79493509
54.5,54.51,764.0526003,0.4985435718,-1.406183692,12.53830072,3.363131426,4.522288228
54.6,54.61,759.6080819,0.4985435579,-1.406183655,12.52158457,3.631336658,4.84773589
54.7,54.71,755.1825027,0.4985435446,-1.406183617,12.38864778,3.504257857,4.858423321
54.8,54.81,750.77448,0.4985435318,-1.406183579,11.89763673,2.941274267,4.446327134
54.9,54.91,746.3827471,0.4985435194,-1.40618354,11.40485919,2.038275651,3.778712235
55,55.01,742.0070322,0.4985435074,-1.4061835,10.8903051,0.8372581072,2.863357591
55.1,55.11,737.6473829,0.4985434957,-1.40618346,10.41284022,-0.4935184018,1.766220377
55.2,55.21,733.3038975,0.4985434841,-1.406183419,10.10627308,-1.752371284,0.6536710071
55.3,55.31,728.976377,0.4985434728,-1.406183377,9.793964388,-2.743527142,-0.2994483524
55.4,55.41,724.6639497,0.4985434615,-1.406183335,9.647117715,-3.33538905,-0.9669302591
55.5,55.51,720.3656739,0.4985434503,-1.406183292,9.517723301,-3.389972361,-1.250628607
55.6,55.61,716.0800193,0.498543439,-1.406183249,9.522895885,-2.97928312,-1.144082379
55.7,55.71,711.8060003,0.4985434276,-1.406183205,9.677439972,-2.167416552,-0.6894129677
55.8,55.81,707.5430445,0.4985434161,-1.40618316,9.879839017,-1.059939708,0.07184832383
55.9,55.91,703.2907639,0.4985434044,-1.406183115,10.3307662,0.2157521917,0.9973055338
56,56.01,699.0492118,0.4985433926,-1.40618307,10.72096104,1.446357976,1.969631977
56.1,56.11,694.8177107,0.4985433805,-1.406183025,11.18102455,2.47369307,2.906976147
56.2,56.21,690.5959969,0.4985433683,-1.40618298,11.5313039,3.195860599,3.643897096
56.3,56.31,686.3836334,0.4985433558,-1.406182934,11.52679192,3.506687719,4.080282057
56.4,56.41,682.1789825,0.4985433431,-1.406182889,11.40882126,3.489584446,4.294463271
56.5,56.51,677.9809651,0.4985433301,-1.406182844,11.07296721,3.118516513,4.244866038
56.6,56.61,673.7891396,0.4985433168,-1.406182798,10.72329206,2.452763033,3.997019062
56.7,56.71,669.6042336,0.4985433032,-1.406182753,10.19050535,1.452211544,3.455133522
56.8,56.81,665.4267835,0.4985432893,-1.406182708,9.684482405,0.2376330139,2.695676594
56.9,56.91,661.25703,0.4985432748,-1.406182663,9.220143436,-1.033746278,1.773076878
57,57.01,657.0951168,0.4985432599,-1.406182618,8.968955019,-2.206364874,0.8689628266
57.1,57.11,652.9412556,0.4985432445,-1.406182573,8.739638172,-3.032801159,0.06549201126
57.2,57.21,648.7948089,0.4985432285,-1.406182529,8.758703343,-3.445915784,-0.5111846195
57.3,57.31,644.6555195,0.498543212,-1.406182484,8.786681245,-3.319680706,-0.7997574015
57.4,57.41,640.5226586,0.4985431948,-1.40618244,8.96625033,-2.759516207,-0.766833288
57.5,57.51,636.3964398,0.4985431772,-1.406182396,10.36116608,-2.174168048,-0.3147057379
57.6,57.61,632.2892999,0.4985431589,-1.406182352,11.92229796,-1.419404623,-0.1350912052
57.7,57.71,628.2164517,0.4985431401,-1.406182309,13.89231803,1.095865542,1.923877745
57.8,57.81,624.1887269,0.4985431208,-1.406182267,15.29937504,2.503528911,2.763254209
57.9,57.91,620.2147761,0.498543101,-1.406182225,16.6464576,4.215177911,4.459022523
58,58.01,616.3009201,0.498543081,-1.406182184,17.68157731,6.046893163,6.240787029
58.1,58.11,612.4511493,0.4985430608,-1.406182143,17.75682742,5.662868062,6.358786403
58.2,58.21,608.6674247,0.4985430406,-1.406182104,17.04172956,4.761393706,6.295438373
58.3,58.31,604.9484881,0.4985430204,-1.406182065,15.59254749,3.775320879,6.000065423
58.4,58.41,601.288259,0.4985430002,-1.406182027,14.21387981,1.944087306,4.849544186
58.5,58.51,597.6814113,0.49854298,-1.40618199,12.96048794,-0.588324221,3.124351821
58.6,58.61,594.1245892,0.4985429598,-1.406181954,12.18547729,-2.309051128,1.847270521
58.7,58.71,590.6147757,0.4985429396,-1.406181918,11.91064041,-3.21242159,0.8557826168
58.8,58.81,587.1490575,0.4985429194,-1.406181884,11.57163246,-3.773610114,-0.16900308
58.9,58.91,583.7234169,0.4985428991,-1.40618185,11.72710119,-3.004106676,-0.3552391941
59,59.01,580.3348205,0.498542879,-1.406181816,12.80257218,-1.329648244,0.2915472345
59.1,59.11,576.9868987,0.498542859,-1.406181784,14.26869205,-0.7918852758,0.6099787923
59.2,59.21,573.6911591,0.4985428394,-1.406181752,16.19695919,0.4721443729,1.290760531
59.3,59.31,570.4609334,0.4985428198,-1.406181721,19.161199,4.451157226,4.008968785
59.4,59.41,567.3088292,0.4985428009,-1.406181691,19.90114019,4.355223377,5.222305258
59.5,59.51,564.2437112,0.4985427826,-1.406181663,20.89335249,5.599092987,6.737818656
59.6,59.61,561.2725432,0.498542765,-1.406181635,20.51215762,5.023266732,7.902403701
59.7,59.71,558.4004229,0.4985427485,-1.406181609,19.51952384,2.947263779,7.453518159
59.8,59.81,555.6301412,0.4985427328,-1.406181584,18.2168366,0.7468914866,7.010232644
59.9,59.91,552.9617644,0.4985427184,-1.406181561,16.32919608,-2.041895171,4.755083435
60,60.01,550.3861141,0.4985427051,-1.406181538,14.93399188,-3.94535194,2.977373313
60.1,60.11,547.8934057,0.4985426927,-1.406181518,14.59010071,-4.426327624,1.244538912
60.2,60.21,545.4749378,0.4985426814,-1.406181498,14.1762629,-4.486241479,0.2811642179
60.3,60.31,543.1232755,0.4985426711,-1.406181479,14.70610958,-2.701529873,0.005423582866
60.4,60.41,540.8321437,0.4985426618,-1.406181462,14.5290002,-1.516309023,0.3517358546
60.5,60.51,538.5943613,0.4985426536,-1.406181445,14.68983637,0.7260644647,1.139347048
60.6,60.61,536.4023035,0.4985426466,-1.40618143,14.76827226,1.90649181,2.205031878
60.7,60.71,534.2516199,0.4985426407,-1.406181415,14.75120961,3.02566901,3.152925878
60.8,60.81,532.1379524,0.498542636,-1.406181401,14.4387196,3.610815435,4.069859754
60.9,60.91,530.0569328,0.4985426325,-1.406181387,13.55604584,3.422854703,4.554855257
61,61.01,528.0032947,0.4985426304,-1.406181374,12.6944971,3.01092799,4.817106189
61.1,61.11,525.9727406,0.4985426295,-1.406181361,11.69801173,2.249872533,4.832946827
61.2,61.21,523.9618629,0.4985426299,-1.406181349,10.78417229,0.8537544879,4.445027594
61.3,61.31,521.969399,0.4985426316,-1.406181338,10.19432083,0.02143401937,3.991291373
61.4,61.41,519.9939287,0.4985426346,-1.406181327,9.371784726,-1.722847939,3.060554823
61.5,61.51,518.034303,0.4985426389,-1.406181316,9.313231643,-2.337935056,2.202474135
61.6,61.61,516.0894748,0.4985426444,-1.406181306,9.095007304,-3.144826365,1.288850065
61.7,61.71,514.1583914,0.4985426512,-1.406181297,9.161846182,-3.286589681,0.4700935333
61.8,61.81,512.239071,0.4985426591,-1.406181287,9.467402661,-2.682582123,0.06464742571
61.9,61.91,510.3297443,0.4985426683,-1.406181278,9.728444735,-2.213218063,-0.1862390372
62,62.01,508.4297376,0.4985426786,-1.40618127,10.2422168,-0.9775388201,-0.01607960606
62.1,62.11,506.5377905,0.4985426901,-1.406181261,10.65759595,0.03866815908,0.3859687471
62.2,62.21,504.6535754,0.4985427028,-1.406181253,11.18628726,1.061342515,0.9855758185
62.3,62.31,502.7775875,0.4985427167,-1.406181245,11.59440534,2.020891078,1.721249108
62.4,62.41,500.9097366,0.4985427318,-1.406181237,11.64687196,2.588419777,2.449051559
62.5,62.51,499.0493165,0.4985427482,-1.406181229,11.64892925,2.855418408,3.120744049
62.6,62.61,497.1963461,0.4985427657,-1.406181221,11.44123286,2.945410215,3.69607571
62.7,62.71,495.3503115,0.4985427845,-1.406181214,10.87505589,2.425191051,4.048975866
62.8,62.81,493.5109627,0.4985428044,-1.406181206,10.48283424,1.880437551,4.259933264
62.9,62.91,491.6790919,0.4985428256,-1.406181199,9.718415917,0.899094594,4.142372555
63,63.01,489.8540029,0.498542848,-1.406181192,9.131434047,-0.1909771197,3.787646366
63.1,63.11,488.0354529,0.4985428716,-1.406181185,8.774320722,-1.201180723,3.236431112
63.2,63.21,486.2235082,0.4985428962,-1.406181178,8.418300914,-2.177544738,2.470420972
63.3,63.31,484.4178025,0.4985429219,-1.406181172,8.383931147,-2.706644545,1.687594558
63.4,63.41,482.6174308,0.4985429487,-1.406181166,8.351698655,-2.891701949,0.9232628996
63.5,63.51,480.820506,0.4985429764,-1.40618116,8.590952624,-2.640632623,0.3553637945
63.6,63.61,479.0259589,0.498543005,-1.406181154,8.926555284,-2.057313859,0.01893860838
63.7,63.71,477.2327442,0.4985430345,-1.406181149,9.382817138,-1.22656623,-0.06730297801
63.8,63.81,475.4404595,0.4985430649,-1.406181144,9.902399199,-0.2869639131,0.1064540378
63.9,63.91,473.6493363,0.4985430961,-1.406181139,10.4148713,0.6813274323,0.4948137569
64,64.01,471.8598589,0.4985431281,-1.406181134,10.86536741,1.52640476,1.046943872
64.1,64.11,470.072251,0.498543161,-1.406181129,10.9513582,2.164669929,1.667532869
64.2,64.21,468.2856914,0.4985431948,-1.406181125,11.05463937,2.59372042,2.308736513
64.3,64.31,466.4997135,0.4985432294,-1.406181121,10.78375922,2.67775213,2.862905564
64.4,64.41,464.7134995,0.4985432647,-1.406181117,10.52706266,2.55680019,3.362832251
64.5,64.51,462.9273453,0.4985433009,-1.406181113,10.02758003,2.11121843,3.694766362
64.6,64.61,461.1410041,0.4985433378,-1.406181109,9.520100856,1.449846025,3.873135585
64.7,64.71,459.3548232,0.4985433755,-1.406181105,8.963106266,0.5655891053,3.840927852
64.8,64.81,457.5689305,0.4985434139,-1.406181102,8.391455599,-0.3939204586,3.536389918
64.9,64.91,455.7828658,0.4985434529,-1.406181098,8.093566745,-1.322703237,3.076913734
65,65.01,453.9974555,0.4985434926,-1.406181095,8.064730262,-2.149666369,2.497563603
65.1,65.11,452.2142302,0.4985435329,-1.406181092,8.066440669,-2.600113875,1.765169138
65.2,65.21,450.4332972,0.4985435737,-1.406181089,8.294359325,-2.739582968,1.091063834
65.3,65.31,448.654784,0.498543615,-1.406181086,8.630904283,-2.455346447,0.5241717174
65.4,65.41,446.8784217,0.4985436568,-1.406181084,9.062677825,-1.840949424,0.1639095658
65.5,65.51,445.103765,0.4985436991,-1.406181081,9.538001618,-1.014008939,0.04419495517
65.6,65.61,443.3305967,0.4985437418,-1.406181078,10.13735725,-0.08517294182,0.1772837768
65.7,65.71,441.560257,0.4985437849,-1.406181075,11.44346732,0.9580505068,0.5788736675
65.8,65.81,439.7987404,0.4985438285,-1.406181072,12.7975356,1.963477903,1.250207902
65.9,65.91,438.0537072,0.4985438725,-1.406181069,13.86781852,2.795901344,2.091144448
66,66.01,436.3321062,0.4985439172,-1.406181066,14.52417029,3.239363177,3.062387441
66.1,66.11,434.6398924,0.4985439625,-1.406181063,14.58361259,3.149780032,4.01475244
66.2,66.21,432.9820807,0.4985440084,-1.406181059,14.30571478,2.488363707,4.8619294
66.3,66.31,431.3642504,0.498544055,-1.406181056,13.73050091,1.189003059,5.481227386
66.4,66.41,429.7920499,0.4985441022,-1.406181052,12.93072863,-0.632124743,5.64081521
66.5,66.51,428.2697472,0.4985441502,-1.406181048,12.2391151,-2.656216116,5.236472838
66.6,66.61,426.8015661,0.4985441989,-1.406181044,12.13624947,-4.607269148,4.418978644
66.7,66.71,425.3937177,0.4985442483,-1.406181041,12.47449791,-5.815872979,3.176120846
66.8,66.81,424.0514934,0.4985442983,-1.406181037,13.32736941,-5.894150749,1.8382684
66.9,66.91,422.7781377,0.498544349,-1.406181033,14.06673812,-4.648036198,0.7476085382
67,67.01,421.5711647,0.4985444003,-1.406181028,14.98177724,-2.650426891,0.258788919
67.1,67.11,420.4269963,0.4985444523,-1.406181024,16.14640223,-0.4694717865,0.4124153278
67.2,67.21,419.344627,0.498544505,-1.406181019,17.29206837,1.547746879,1.11024503
67.3,67.31,418.3242141,0.4985445584,-1.406181014,17.83407829,3.110883415,2.151268716
67.4,67.41,417.3641504,0.4985446126,-1.406181009,17.73094881,3.969626908,3.29576817
67.5,67.51,416.4615348,0.4985446676,-1.406181003,16.69004587,4.044394912,4.260670282
67.6,67.61,415.6097745,0.4985447234,-1.406180996,14.90439838,3.425295247,4.83798897
67.7,67.71,414.7993702,0.4985447801,-1.40618099,13.17977534,2.36520913,5.139570353
67.8,67.81,414.02261,0.4985448374,-1.406180983,11.54438462,0.9683887214,5.102139227
67.9,67.91,413.2735011,0.4985448955,-1.406180975,10.12376058,-0.5181348158,4.710986616
68,68.01,412.5466841,0.4985449541,-1.406180968,9.112424062,-1.866139121,4.044839315
68.1,68.11,411.8377369,0.4985450133,-1.40618096,8.503850836,-2.849489679,3.171722395
68.2,68.21,411.1428616,0.498545073,-1.406180951,8.31559763,-3.366003952,2.227169407
68.3,68.31,410.459055,0.4985451332,-1.406180943,8.3877464,-3.323814242,1.322063617
68.4,68.41,409.7834455,0.4985451938,-1.406180934,8.727706352,-2.823286023,0.5947777612
68.5,68.51,409.1141471,0.4985452549,-1.406180925,9.383075315,-1.993058797,0.1273721925
68.6,68.61,408.4507854,0.4985453164,-1.406180915,9.94442963,-0.9070226111,-0.05021302333
68.7,68.71,407.7923678,0.4985453783,-1.406180905,10.67788266,0.2177643958,0.0677347982
68.8,68.81,407.1390799,0.4985454407,-1.406180894,11.2487275,1.26178207,0.43775146
68.9,68.91,406.49097,0.4985455037,-1.406180883,11.62016913,2.11095541,0.9990615145
69,69.01,405.8474976,0.4985455671,-1.406180871,11.59961664,2.659655223,1.639326842
69.1,69.11,405.2068043,0.4985456311,-1.406180858,11.04283725,2.81564754,2.23425689
69.2,69.21,404.5655102,0.4985456957,-1.406180844,10.71050086,2.777542992,2.865544652
69.3,69.31,403.9227172,0.4985457608,-1.40618083,10.18280737,2.44025294,3.40857961
69.4,69.41,403.2785253,0.4985458264,-1.406180816,9.67408935,1.85338214,3.876117874
69.5,69.51,402.6341664,0.4985458926,-1.406180801,9.198933191,1.015205043,4.201393619
69.6,69.61,401.9917483,0.4985459593,-1.406180785,8.628470841,-0.02156709403,4.223487039
69.7,69.71,401.3524426,0.4985460264,-1.406180768,8.161420096,-1.081707019,3.936554285
69.8,69.81,400.7164948,0.4985460941,-1.406180751,7.736922137,-1.969861305,3.323122523
69.9,69.91,400.082568,0.4985461621,-1.406180733,7.582543913,-2.567585675,2.55376294
70,70.01,399.4495001,0.4985462305,-1.406180714,7.720387996,-2.795647832,1.729631003
70.1,70.11,398.8164584,0.4985462991,-1.406180695,7.965255651,-2.601686585,0.9539143892
70.2,70.21,398.1822079,0.4985463681,-1.406180675,8.555384658,-2.132494034,0.3550026403
70.3,70.31,397.547025,0.4985464373,-1.406180654,8.994124883,-1.343452049,-0.01831010897
70.4,70.41,396.9096845,0.4985465067,-1.406180632,9.55796346,-0.4657388808,-0.1300806465
70.5,70.51,396.2699439,0.4985465763,-1.406180609,10.2464356,0.4318432872,0.02866484086
70.6,70.61,395.6289977,0.4985466462,-1.406180586,10.62877241,1.247202441,0.4016198432
70.7,70.71,394.9865578,0.4985467163,-1.406180561,10.81915498,1.879612241,0.9420282219
70.8,70.81,394.3422428,0.4985467866,-1.406180536,11.00103372,2.3259254,1.600792497
70.9,70.91,393.6969112,0.4985468571,-1.40618051,10.89672703,2.503743656,2.293809096
71,71.01,393.0512469,0.4985469279,-1.406180482,10.61387043,2.422318245,2.985206451
71.1,71.11,392.4056323,0.4985469988,-1.406180454,10.03747649,2.031489553,3.543106399
71.2,71.21,391.7596691,0.4985470699,-1.406180425,9.338976649,1.402227097,3.938845604
71.3,71.31,391.112779,0.4985471411,-1.406180395,8.758709616,0.6080542146,4.180071781
71.4,71.41,390.465334,0.4985472124,-1.406180365,8.302660595,-0.2949233628,4.199874249
71.5,71.51,389.8180915,0.4985472837,-1.406180333,7.696493689,-1.146696379,3.804662209
71.6,71.61,389.1692615,0.498547355,-1.406180301,7.411893126,-1.8351367,3.238591467
71.7,71.71,388.5175642,0.4985474262,-1.406180268,7.384895676,-2.281155833,2.525026235
71.8,71.81,387.8628036,0.4985474973,-1.406180235,7.692082678,-2.451575924,1.782171708
71.9,71.91,387.2057491,0.4985475682,-1.4061802,8.048273545,-2.247737316,1.032665753
72,72.01,386.5461673,0.4985476389,-1.406180165,8.507216106,-1.753443356,0.426335128
72.1,72.11,385.8836056,0.4985477094,-1.40618013,9.129521773,-1.076484033,0.0422458184
72.2,72.21,385.2184867,0.4985477797,-1.406180093,9.73440519,-0.2819267356,-0.09355482751
72.3,72.31,384.5512829,0.4985478498,-1.406180056,10.32717895,0.5159373945,0.02967276607
72.4,72.41,383.8828027,0.4985479196,-1.406180018,10.79890681,1.239871812,0.382847795
72.5,72.51,383.2139601,0.4985479891,-1.40617998,11.05277125,1.804597443,0.9168834974
72.6,72.61,382.5452231,0.4985480584,-1.406179941,11.06844185,2.153618645,1.575434861
72.7,72.71,381.8769193,0.4985481275,-1.406179901,10.99434167,2.292153784,2.307579287
72.8,72.81,381.2099602,0.4985481964,-1.406179861,10.52139567,2.13169547,2.978970389
72.9,72.91,380.5441477,0.498548265,-1.406179821,10.06950427,1.755954514,3.625058022
73,73.01,379.8800925,0.4985483333,-1.40617978,9.507002654,1.152373078,4.095156993
73.1,73.11,379.2182213,0.4985484014,-1.406179739,8.874216774,0.384735044,4.302554595
73.2,73.21,378.5582734,0.4985484691,-1.406179698,8.398874019,-0.4412657592,4.280172642
73.3,73.31,377.9003933,0.4985485365,-1.406179656,8.008585388,-1.216645959,3.921438619
73.4,73.41,377.2442807,0.4985486035,-1.406179615,7.873346894,-1.818435216,3.337824126
73.5,73.51,376.5899915,0.4985486701,-1.406179573,7.970167294,-2.168136725,2.576510388
73.6,73.61,375.9374269,0.4985487363,-1.406179532,8.192241394,-2.180067162,1.72698789
73.7,73.71,375.2860007,0.4985488021,-1.40617949,8.742610675,-1.933303323,0.9716468845
73.8,73.81,374.6365214,0.4985488674,-1.406179449,9.394478638,-1.425962842,0.3644336203
73.9,73.91,373.9899596,0.4985489322,-1.406179407,10.04020875,-0.7324533734,-0.003487259337
74,74.01,373.3467153,0.4985489966,-1.406179366,10.52658535,0.03261281849,-0.08456213726
74.1,74.11,372.7063093,0.4985490606,-1.406179325,10.96596726,0.759364305,0.1063775366
74.2,74.21,372.0685782,0.4985491241,-1.406179284,11.07436753,1.348998592,0.5213060543
74.3,74.31,371.4323937,0.4985491873,-1.406179243,11.07004701,1.766301982,1.100359873
74.4,74.41,370.7972035,0.4985492501,-1.406179203,11.08288154,2.013079021,1.806552467
74.5,74.51,370.1636851,0.4985493126,-1.406179162,10.6311401,1.980858331,2.501362836
74.6,74.61,369.531114,0.4985493747,-1.406179123,10.19022448,1.75576569,3.184549942
74.7,74.71,368.8994745,0.4985494366,-1.406179083,9.748254854,1.327250694,3.797045941
74.8,74.81,368.2695694,0.4985494981,-1.406179045,9.090603248,0.7076951274,4.142003364
74.9,74.91,367.6405194,0.4985495592,-1.406179007,8.433947163,0.007546170444,4.211261146
75,75.01,367.0109772,0.4985496201,-1.40617897,8.124764765,-0.6986716234,4.102309446
75.1,75.11,366.381651,0.4985496806,-1.406178933,8.016766061,-1.320486338,3.742533287
75.2,75.21,365.7535142,0.4985497407,-1.406178898,7.996832237,-1.749311849,3.080056705
75.3,75.31,365.1265044,0.4985498005,-1.406178863,8.167854749,-1.912253873,2.276193621
75.4,75.41,364.500597,0.49854986,-1.406178829,8.813023485,-1.877094942,1.509404886
75.5,75.51,363.8782783,0.4985499191,-1.406178796,9.442927096,-1.535822109,0.7749609379
75.6,75.61,363.2608076,0.4985499778,-1.406178764,9.917292076,-0.9653110132,0.221836187
75.7,75.71,362.6473123,0.4985500363,-1.406178732,10.40989577,-0.3097720151,-0.05530534697
75.8,75.81,362.0371233,0.4985500946,-1.406178702,10.87918133,0.3541037331,-0.05102232388
75.9,75.91,361.4300786,0.4985501527,-1.406178672,10.99537747,0.9312833265,0.2142039336
76,76.01,360.8250259,0.4985502106,-1.406178643,11.14867821,1.395534883,0.6864689127
76.1,76.11,360.22183,0.4985502684,-1.406178615,11.05564613,1.677825383,1.315049881
76.2,76.21,359.6203236,0.4985503262,-1.406178588,10.74401048,1.761531801,2.022191498
76.3,76.31,359.0202116,0.4985503839,-1.406178562,10.43407468,1.662829725,2.777398272
76.4,76.41,358.4220213,0.4985504417,-1.406178537,9.919574465,1.351349759,3.446338317
76.5,76.51,357.8255538,0.4985504995,-1.406178513,9.212990525,0.8583979127,3.90061421
76.6,76.61,357.2295466,0.4985505574,-1.40617849,8.728168355,0.2786307866,4.21356839
76.7,76.71,356.6337015,0.4985506154,-1.406178468,8.276158234,-0.3401945192,4.224111872
76.8,76.81,356.0373455,0.4985506735,-1.406178447,7.910899425,-0.8970630937,3.917514699
76.9,76.91,355.4394962,0.4985507318,-1.406178428,7.881666969,-1.351766522,3.438647488
77,77.01,354.8403273,0.4985507902,-1.406178409,7.958505173,-1.605850727,2.725396259
77.1,77.11,354.2395476,0.4985508488,-1.406178392,8.249175549,-1.652967024,1.940567044
77.2,77.21,353.6372257,0.4985509076,-1.406178376,8.690213968,-1.482352789,1.164198167
77.3,77.31,353.033622,0.4985509667,-1.40617836,9.250304292,-1.137789715,0.5204193367
77.4,77.41,352.4294356,0.4985510261,-1.406178346,9.908825475,-0.6611898075,0.07056310694
77.5,77.51,351.8258654,0.4985510859,-1.406178333,10.33342408,-0.1162885208,-0.123680423
77.6,77.61,351.2230314,0.4985511461,-1.40617832,10.77015979,0.4222306807,-0.05477389803
77.7,77.71,350.6214243,0.4985512067,-1.406178309,10.83494597,0.8755809891,0.2606996197
77.8,77.81,350.0201089,0.4985512678,-1.406178298,10.6012373,1.190243538,0.7570126605
77.9,77.91,349.4170743,0.4985513295,-1.406178288,10.38498034,1.370735581,1.385170051
78,78.01,348.8120337,0.4985513917,-1.40617828,10.33261484,1.430281728,2.142029712
78.1,78.11,348.2068174,0.4985514545,-1.406178272,10.00554545,1.297783052,2.886833041
78.2,78.21,347.6022906,0.4985515179,-1.406178265,9.552559472,0.9923510413,3.539929722
78.3,78.31,346.9985283,0.4985515819,-1.406178259,9.039428239,0.5517118095,4.003637114
78.4,78.41,346.3952115,0.4985516466,-1.406178254,8.60767833,0.03881565433,4.249993405
78.5,78.51,345.7920736,0.4985517119,-1.406178251,8.232613575,-0.4822608886,4.189543003
78.6,78.61,345.1883479,0.4985517778,-1.406178248,7.958312939,-0.9302264701,3.828643265
78.7,78.71,344.5827264,0.4985518443,-1.406178246,7.920216743,-1.26009643,3.266041428
78.8,78.81,343.9749298,0.4985519114,-1.406178245,8.280484155,-1.460417265,2.618572023
78.9,78.91,343.3667698,0.4985519791,-1.406178245,8.71219938,-1.460257783,1.840393675
79,79.01,342.7597825,0.4985520474,-1.406178245,9.1991692,-1.252560333,1.082040885
79.1,79.11,342.154196,0.4985521162,-1.406178247,9.533414153,-0.8734089532,0.4514427219
79.2,79.21,341.5488287,0.4985521857,-1.406178249,10.04774096,-0.4291341927,0.04926423752
79.3,79.31,340.9437943,0.4985522559,-1.406178252,10.39320541,0.05170984237,-0.09310621663
79.4,79.41,340.3386414,0.4985523266,-1.406178256,10.51928587,0.4963396394,0.01823086906
79.5,79.51,339.7321589,0.498552398,-1.40617826,10.38376091,0.8435921087,0.339255862
79.6,79.61,339.1225487,0.49855247,-1.406178265,10.24142685,1.088515922,0.8404763317
79.7,79.71,338.5091559,0.4985525425,-1.40617827,10.27724734,1.238185678,1.491328763
79.8,79.81,337.893481,0.4985526158,-1.406178276,10.06559678,1.229749595,2.209603278
79.9,79.91,337.2769567,0.4985526896,-1.406178283,9.817244128,1.079837612,2.949012037
80,80.01,336.6608104,0.498552764,-1.40617829,9.365854705,0.7719354961,3.5535362
80.1,80.11,336.0449411,0.498552839,-1.406178298,8.849427875,0.3580612858,3.94760732
80.2,80.21,335.4285864,0.4985529146,-1.406178307,8.501432205,-0.09500006283,4.150259163
80.3,80.31,334.811559,0.4985529907,-1.406178316,8.202172956,-0.5378132097,4.054256924
80.4,80.41,334.1933377,0.4985530672,-1.406178326,8.028243113,-0.9085890373,3.692695428
80.5,80.51,333.573083,0.4985531442,-1.406178336,8.111015516,-1.168564854,3.147340317
80.6,80.61,332.9512321,0.4985532217,-1.406178346,8.448788978,-1.292530253,2.485087591
80.7,80.71,332.3292256,0.4985532995,-1.406178357,8.887889813,-1.246248014,1.730845291
80.8,80.81,331.7082828,0.4985533777,-1.406178368,9.467874037,-1.042091011,1.026284072
80.9,80.91,331.0898323,0.4985534563,-1.40617838,10.01383227,-0.7014627104,0.4466533248
81,81.01,330.4744211,0.4985535352,-1.406178391,10.24533624,-0.2793818465,0.08339729536
81.1,81.11,329.860724,0.4985536145,-1.406178403,10.5596294,0.1456105595,-0.0121149221
81.2,81.21,329.2485792,0.498553694,-1.406178414,10.90512763,0.5357069211,0.1481537997
81.3,81.31,328.6389736,0.4985537739,-1.406178426,10.86565183,0.8437622268,0.5396377278
81.4,81.41,328.0315115,0.498553854,-1.406178437,10.7147432,1.043074531,1.115975666
81.5,81.51,327.4258932,0.4985539343,-1.406178448,10.40031983,1.109312494,1.80507551
81.6,81.61,326.8215061,0.4985540149,-1.40617846,9.89269366,1.032822196,2.506095675
81.7,81.71,326.2171594,0.4985540956,-1.406178471,9.573288712,0.8515925414,3.220191039
81.8,81.81,325.613504,0.4985541765,-1.406178482,9.344240206,0.569369721,3.870599946
81.9,81.91,325.0120729,0.4985542575,-1.406178492,8.87490976,0.1908187762,4.194731643
82,82.01,324.4120774,0.4985543385,-1.406178503,8.486470193,-0.2011258303,4.248364676
82.1,82.11,323.8120157,0.4985544196,-1.406178514,8.14490573,-0.5564802817,3.989295851
82.2,82.21,323.2101262,0.4985545006,-1.406178524,8.063156965,-0.8290230106,3.543743675
82.3,82.31,322.6054467,0.4985545816,-1.406178534,8.185668677,-1.007397872,2.931791194
82.4,82.41,321.9981899,0.4985546625,-1.406178544,8.518763515,-1.058074817,2.231769277
82.5,82.51,321.3890571,0.4985547434,-1.406178553,8.862352838,-0.9687255138,1.479553923
82.6,82.61,320.7780373,0.4985548241,-1.406178562,9.286054102,-0.766043102,0.8193973472
82.7,82.71,320.1653919,0.4985549047,-1.406178571,9.815814586,-0.4804834733,0.3306230668
82.8,82.81,319.5520771,0.4985549852,-1.406178579,10.08625975,-0.1492024248,0.05047134814
82.9,82.91,318.9376386,0.4985550656,-1.406178586,10.23108623,0.1906140492,0.01810995382
83,83.01,318.3211144,0.4985551458,-1.406178594,10.36158457,0.4844600832,0.2210157891
83.1,83.11,317.7026258,0.4985552258,-1.4061786,10.36271906,0.7209761342,0.635503255
83.2,83.21,317.082366,0.4985553057,-1.406178607,10.23691883,0.8650636612,1.210564676
83.3,83.31,316.4605212,0.4985553854,-1.406178612,9.945270987,0.9038346272,1.888128288
83.4,83.41,315.8373192,0.4985554648,-1.406178618,9.755770612,0.8517247865,2.629532347
83.5,83.51,315.2135419,0.4985555441,-1.406178623,9.296267744,0.6739536371,3.264424623
83.6,83.61,314.5889385,0.498555623,-1.406178628,9.094236895,0.4286468409,3.851427658
83.7,83.71,313.9647678,0.4985557018,-1.406178632,8.840764942,0.1191544383,4.196583976
83.8,83.81,313.341666,0.4985557802,-1.406178636,8.500418758,-0.2102049486,4.190996889
83.9,83.91,312.718582,0.4985558583,-1.40617864,8.362820152,-0.5089900856,3.952190049
84,84.01,312.0949459,0.4985559361,-1.406178643,8.320290369,-0.7388519064,3.447367749
84.1,84.11,311.469945,0.4985560135,-1.406178647,8.337388835,-0.8642413704,2.748963767
84.2,84.21,310.842439,0.4985560905,-1.40617865,8.700677029,-0.9033218091,2.035047867
84.3,84.31,310.213074,0.4985561672,-1.406178652,9.126567612,-0.8286523018,1.308941583
84.4,84.41,309.5829106,0.4985562436,-1.406178654,9.740450124,-0.6619491477,0.6901594332
84.5,84.51,308.9538944,0.4985563195,-1.406178656,10.21905606,-0.4067362878,0.2332799502
84.6,84.61,308.3268196,0.498556395,-1.406178657,10.28452193,-0.1023045423,0.01021353307
84.7,84.71,307.6999402,0.4985564701,-1.406178658,10.35278694,0.188360255,0.04714013684
84.8,84.81,307.0721076,0.4985565449,-1.406178659,10.49624348,0.448403006,0.3203622722
84.9,84.91,306.4440952,0.4985566192,-1.406178659,10.54078908,0.6539781555,0.8075723911
85,85.01,305.8166557,0.4985566932,-1.406178658,10.14478736,0.7594849755,1.41625508
85.1,85.11,305.1885943,0.4985567667,-1.406178657,9.814403833,0.7768735713,2.119758795
85.2,85.21,304.5594758,0.4985568399,-1.406178656,9.640123613,0.714999413,2.878942223
85.3,85.31,303.9306838,0.4985569127,-1.406178655,9.446484944,0.5609208547,3.582095896
85.4,85.41,303.3036087,0.498556985,-1.406178653,9.034021762,0.3152378578,4.020625808
85.5,85.51,302.67784,0.4985570569,-1.406178651,8.790346109,0.03520045311,4.26642446
85.6,85.61,302.053233,0.4985571283,-1.406178649,8.561506447,-0.2547633856,4.193546564
85.7,85.71,301.4293811,0.4985571993,-1.406178647,8.574168798,-0.5149881518,3.903372187
85.8,85.81,300.8065496,0.4985572697,-1.406178644,8.474787395,-0.6904180307,3.281693851
85.9,85.91,300.1830371,0.4985573398,-1.406178641,8.505920351,-0.7725766787,2.529370229
86,86.01,299.5573189,0.4985574093,-1.406178638,8.945311016,-0.7820326495,1.816291959
86.1,86.11,298.9305516,0.4985574784,-1.406178635,9.401942305,-0.6894298492,1.114619518
86.2,86.21,298.3038575,0.498557547,-1.406178631,9.93488799,-0.5124825493,0.5380875273
86.3,86.31,297.6783845,0.4985576151,-1.406178628,10.20575278,-0.2689631133,0.1494235242
86.4,86.41,297.0535874,0.4985576827,-1.406178623,10.22465948,-0.006964650389,0.00295415442
86.5,86.51,296.4276592,0.49855775,-1.406178619,10.29613493,0.2378016453,0.1037936543
86.6,86.61,295.7998763,0.4985578168,-1.406178615,10.18751872,0.4385516067,0.4113827153
86.7,86.71,295.1695075,0.4985578832,-1.40617861,10.11828993,0.5856058602,0.9142262213
86.8,86.81,294.53701,0.4985579492,-1.406178605,10.04538031,0.6667735696,1.564717272
86.9,86.91,293.9037923,0.4985580149,-1.4061786,9.801042637,0.6571635872,2.27570386
87,87.01,293.2708347,0.4985580801,-1.406178595,9.714522876,0.5748452742,3.045460628
87.1,87.11,292.6400117,0.4985581449,-1.406178589,9.309472488,0.3973478943,3.614072857
87.2,87.21,292.0111506,0.4985582093,-1.406178584,8.986099017,0.1712945705,4.009473564
87.3,87.31,291.3835693,0.4985582733,-1.406178579,8.670633284,-0.06989941537,4.11962162
87.4,87.41,290.7561578,0.498558337,-1.406178573,8.471382614,-0.2971760527,3.977550512
87.5,87.51,290.1280873,0.4985584002,-1.406178568,8.547438131,-0.4882021544,3.654479463
87.6,87.61,289.4998464,0.4985584631,-1.406178562,8.701368846,-0.6103714918,3.108668838
87.7,87.71,288.8718523,0.4985585256,-1.406178556,8.984330278,-0.6572473092,2.428740801
87.8,87.81,288.2444151,0.4985585879,-1.40617855,9.290845896,-0.6154147656,1.692200177
87.9,87.91,287.6176889,0.4985586498,-1.406178544,9.786333973,-0.5105280812,1.039497521
88,88.01,286.9926148,0.4985587115,-1.406178538,10.04082106,-0.3389767726,0.4990023506
88.1,88.11,286.3686442,0.4985587729,-1.406178531,10.2569241,-0.1407757627,0.1748332487
88.2,88.21,285.7450117,0.4985588342,-1.406178524,10.3072855,0.05997720583,0.0857798004
88.3,88.31,285.1204477,0.4985588953,-1.406178517,10.05708121,0.2290424136,0.2203145897
88.4,88.41,284.4928665,0.4985589563,-1.406178509,10.20281455,0.3786252345,0.5670961959
88.5,88.51,283.8636353,0.4985590171,-1.406178502,10.24421113,0.4728292655,1.102425168
88.6,88.61,283.2347009,0.4985590779,-1.406178494,9.926355614,0.5011990082,1.739178546
88.7,88.71,282.6058839,0.4985591386,-1.406178485,9.621112583,0.4664993943,2.427642436
88.8,88.81,281.9769328,0.4985591992,-1.406178476,9.230284187,0.3655859977,3.060822676
88.9,88.91,281.3475433,0.4985592599,-1.406178467,9.045806022,0.2260852028,3.637581813
89,89.01,280.7185242,0.4985593205,-1.406178458,8.861727512,0.0452792585,4.011726686
89.1,89.11,280.0902658,0.4985593811,-1.406178448,8.614048727,-0.1366507967,4.086786739
89.2,89.21,279.4623069,0.4985594417,-1.406178438,8.736299913,-0.3145670534,4.018755352
89.3,89.31,278.8358793,0.4985595024,-1.406178428,8.80340845,-0.448653194,3.62776984
89.4,89.41,278.211197,0.4985595631,-1.406178417,8.838829514,-0.5141545004,2.991064397
89.5,89.51,277.5869471,0.4985596239,-1.406178406,9.032466246,-0.5174224493,2.277098097
89.6,89.61,276.962446,0.4985596848,-1.406178395,9.369754085,-0.4641848998,1.576053418
89.7,89.71,276.3376939,0.4985597458,-1.406178382,9.704430245,-0.3510765388,0.9438494033
89.8,89.81,275.7128281,0.498559807,-1.40617837,10.20951962,-0.2067266998,0.4743308445
89.9,89.91,275.0890412,0.4985598685,-1.406178356,10.26594532,-0.03417407225,0.1967062273
90,90.01,274.4650705,0.4985599301,-1.406178343,10.33277104,0.1318377366,0.1509772013
90.1,90.11,273.8405292,0.4985599921,-1.406178328,10.51717893,0.2745952741,0.3448797999
90.2,90.21,273.2167231,0.4985600544,-1.406178313,10.39222704,0.3775365352,0.7475905436
90.3,90.31,272.5936119,0.4985601171,-1.406178298,10.11288573,0.4269686362,1.308264294
90.4,90.41,271.9709566,0.4985601801,-1.406178282,9.910233412,0.4211378059,1.995096885
90.5,90.51,271.3493825,0.4985602436,-1.406178266,9.547349412,0.3560292791,2.682827451
90.6,90.61,270.7288314,0.4985603075,-1.406178249,9.342325813,0.2439703954,3.351102855
90.7,90.71,270.1102619,0.4985603719,-1.406178232,9.099858867,0.08999923188,3.859398512
90.8,90.81,269.4936223,0.4985604368,-1.406178214,8.561623628,-0.07488667284,3.971315571
90.9,90.91,268.875844,0.4985605021,-1.406178196,8.405667466,-0.2323807965,3.965168267
91,91.01,268.2560152,0.498560568,-1.406178177,8.431508243,-0.3659886953,3.753080103
91.1,91.11,267.6344762,0.4985606345,-1.406178159,8.585145501,-0.4588381733,3.324062181
91.2,91.21,267.0117296,0.4985607015,-1.40617814,8.878675424,-0.5027506077,2.75060201
91.3,91.31,266.3887115,0.4985607691,-1.40617812,9.214601923,-0.4869365537,2.066749682
91.4,91.41,265.7661941,0.4985608374,-1.4061781,9.691236601,-0.4179802369,1.403805619
91.5,91.51,265.1452046,0.4985609063,-1.40617808,9.961502619,-0.2993559922,0.8078977312
91.6,91.61,264.5254927,0.4985609759,-1.406178059,10.2338401,-0.1560603768,0.39052416
91.7,91.71,263.906823,0.4985610461,-1.406178038,10.37096402,-0.004644143803,0.1920818384
91.8,91.81,263.2885146,0.4985611171,-1.406178016,10.35053704,0.1283352628,0.2229717544
91.9,91.91,262.6699524,0.4985611888,-1.406177994,10.4549394,0.2508162953,0.4866064976
92,92.01,262.0520387,0.4985612612,-1.406177972,10.24362139,0.3217194063,0.9355069528
92.1,92.11,261.4346781,0.4985613344,-1.406177949,10.02917327,0.3492735262,1.543275016
92.2,92.21,260.8181716,0.4985614083,-1.406177926,9.82802064,0.335840074,2.249205056
92.3,92.31,260.2033797,0.4985614829,-1.406177902,9.595115349,0.2660686474,2.962349071
92.4,92.41,259.5910395,0.4985615583,-1.406177878,9.226504184,0.1582175279,3.533567336
92.5,92.51,258.9805605,0.4985616344,-1.406177855,8.864687499,0.02655567682,3.896165716
92.6,92.61,258.3706407,0.4985617112,-1.406177831,8.610967317,-0.1108515611,4.033225738
92.7,92.71,257.7601362,0.4985617887,-1.406177806,8.51489544,-0.2344488284,3.944231918
92.8,92.81,257.148467,0.498561867,-1.406177782,8.568523465,-0.3346558762,3.636394345
92.9,92.91,256.5355566,0.4985619459,-1.406177758,8.677263821,-0.3928373129,3.110782704
93,93.01,255.9215003,0.4985620255,-1.406177733,9.122886647,-0.4167908666,2.525900036
93.1,93.11,255.3080598,0.4985621058,-1.406177709,9.499639208,-0.3898558581,1.838521439
93.2,93.21,254.6962268,0.4985621868,-1.406177684,9.927500226,-0.3211291198,1.19038749
93.3,93.31,254.0868289,0.4985622685,-1.406177659,10.24406426,-0.2205207381,0.6534653874
93.4,93.41,253.4802358,0.4985623509,-1.406177635,10.45054711,-0.1040033973,0.3140014317
93.5,93.51,252.8758781,0.4985624341,-1.40617761,10.3382739,0.009850339638,0.1977998667
93.6,93.61,252.2719526,0.4985625179,-1.406177585,10.42146957,0.1108514247,0.3217738918
93.7,93.71,251.6688033,0.4985626023,-1.406177559,10.39609296,0.1879061645,0.6658714186
93.8,93.81,251.067176,0.4985626874,-1.406177534,10.32217779,0.2373959251,1.201900223
93.9,93.91,250.4681669,0.4985627732,-1.406177509,10.08640189,0.2506492545,1.871433158
94,94.01,249.8721548,0.4985628595,-1.406177484,9.724825914,0.2253307393,2.559498049
94.1,94.11,249.279033,0.4985629464,-1.406177459,9.656816707,0.1682350278,3.299624007
94.2,94.21,248.6902705,0.4985630338,-1.406177434,9.188130808,0.08344347508,3.756912039
94.3,94.31,248.1042211,0.4985631217,-1.40617741,8.829500358,-0.01255323939,4.00735468
94.4,94.41,247.5187712,0.49856321,-1.406177386,8.563403588,-0.1110222105,4.008603736
94.5,94.51,246.9321525,0.4985632988,-1.406177362,8.459305295,-0.1907248979,3.799467927
94.6,94.61,246.3432306,0.4985633879,-1.406177338,8.571252455,-0.2549487812,3.426411347
94.7,94.71,245.7521692,0.4985634774,-1.406177315,8.850660216,-0.2953212248,2.908500518
94.8,94.81,245.1600271,0.4985635672,-1.406177293,9.151022019,-0.3005212001,2.260049921
94.9,94.91,244.5672147,0.4985636573,-1.40617727,9.376554549,-0.2750958039,1.569390505
95,95.01,243.9732843,0.4985637477,-1.406177249,9.704601797,-0.2275538295,0.9689035657
95.1,95.11,243.3785747,0.4985638383,-1.406177227,9.990844752,-0.1620363991,0.5006444323
95.2,95.21,242.7832343,0.4985639292,-1.406177206,10.12701198,-0.09200456031,0.225023824
95.3,95.31,242.1869426,0.4985640202,-1.406177186,10.21496425,-0.01601907681,0.1677499431
95.4,95.41,241.5896917,0.4985641113,-1.406177166,10.26001314,0.04804758093,0.3378311044
95.5,95.51,240.9922341,0.4985642026,-1.406177147,10.2587212,0.09936850752,0.719509263
95.6,95.61,240.3956596,0.4985642939,-1.406177128,10.00215625,0.1354162595,1.265282051
95.7,95.71,239.7998229,0.4985643852,-1.40617711,9.759087167,0.1477368606,1.926189822
95.8,95.81,239.2048786,0.4985644764,-1.406177092,9.51122426,0.1384643702,2.620031574
95.9,95.91,238.6112618,0.4985645676,-1.406177076,9.415485277,0.1028509967,3.312567339
96,96.01,238.0204363,0.4985646587,-1.40617706,9.16106182,0.05177135756,3.78952134
96.1,96.11,237.4321002,0.4985647495,-1.406177045,8.839064719,-0.01454798245,3.990081026
96.2,96.21,236.8443155,0.4985648401,-1.406177031,8.626276314,-0.08022891704,3.951630333
96.3,96.31,236.2553158,0.4985649304,-1.406177017,8.545912958,-0.1386205264,3.688067248
96.4,96.41,235.6640539,0.4985650204,-1.406177005,8.752336539,-0.1872081147,3.3063887
96.5,96.51,235.0710891,0.4985651101,-1.406176993,8.966771021,-0.212744205,2.73159219
96.6,96.61,234.4769177,0.4985651994,-1.406176982,9.382539842,-0.2197023581,2.113615636
96.7,96.71,233.8830619,0.4985652882,-1.406176972,9.773470906,-0.2000579495,1.467758491
96.8,96.81,233.2904269,0.4985653765,-1.406176963,9.952246671,-0.1629107397,0.8766156666
96.9,96.91,232.6983512,0.4985654643,-1.406176954,10.1048551,-0.1067585662,0.459010086
97,97.01,232.1059989,0.4985655516,-1.406176947,10.14808357,-0.0560735308,0.2437190018
97.1,97.11,231.5126869,0.4985656383,-1.40617694,10.23336065,-0.002468638773,0.2497175452
97.2,97.21,230.9184552,0.4985657244,-1.406176933,10.00398304,0.03886672642,0.4669510586
97.3,97.31,230.3221644,0.4985658099,-1.406176928,9.838616335,0.07367519151,0.8727034562
97.4,97.41,229.7235383,0.4985658946,-1.406176923,9.627896497,0.09189350286,1.426072478
97.5,97.51,229.122796,0.4985659786,-1.406176919,9.396763463,0.09849046704,2.061437304
97.6,97.61,228.5202842,0.4985660618,-1.406176916,9.255878695,0.09058298934,2.737098316
97.7,97.71,227.9170137,0.4985661441,-1.406176913,9.031490009,0.0696463483,3.307251432
97.8,97.81,227.3127208,0.4985662256,-1.406176912,8.590070498,0.03754503498,3.613644266
97.9,97.91,226.7050369,0.4985663061,-1.406176911,8.44834669,0.005173896002,3.806203433
98,98.01,226.0933778,0.4985663858,-1.406176912,8.586766255,-0.03486847251,3.863507466
98.1,98.11,225.4791322,0.4985664644,-1.406176913,8.669557661,-0.06413588592,3.634961799
98.2,98.21,224.8629034,0.4985665421,-1.406176915,8.888703344,-0.09275105706,3.225757173
98.3,98.31,224.2453225,0.4985666187,-1.406176918,9.189371445,-0.1120931404,2.669292134
98.4,98.41,223.6274197,0.4985666942,-1.406176922,9.553942486,-0.1251933762,2.028735125
98.5,98.51,223.0102326,0.4985667687,-1.406176926,9.865863152,-0.1255010148,1.388337458
98.6,98.61,222.394045,0.498566842,-1.406176932,9.994442916,-0.1138509216,0.8163510145
98.7,98.71,221.7778376,0.4985669142,-1.406176938,10.06008377,-0.0933139799,0.417613252
98.8,98.81,221.1603274,0.4985669853,-1.406176945,10.06833291,-0.06626939193,0.2266356295
98.9,98.91,220.5406904,0.4985670553,-1.406176953,10.02223025,-0.03971802547,0.2415644438
99,99.01,219.9183404,0.4985671241,-1.406176961,9.8694405,-0.007128578866,0.4689569819
99.1,99.11,219.2927959,0.4985671918,-1.40617697,9.738485943,0.01567166295,0.8757811491
99.2,99.21,218.6644635,0.4985672583,-1.40617698,9.668056617,0.03613582943,1.442885258
99.3,99.31,218.034687,0.4985673237,-1.40617699,9.520085703,0.04806555439,2.094899753
99.4,99.41,217.4046568,0.4985673878,-1.406177002,9.342067435,0.04834889066,2.757691193
99.5,99.51,216.7749086,0.4985674507,-1.406177013,9.088656549,0.04158496323,3.29952207
99.6,99.61,216.145413,0.4985675124,-1.406177026,9.039377257,0.02430918732,3.749623108
99.7,99.71,215.5170331,0.4985675728,-1.406177039,8.988053233,0.002699065937,3.955869636
99.8,99.81,214.8898157,0.498567632,-1.406177053,8.834234136,-0.01990363967,3.838089194
99.9,99.91,214.262215,0.4985676899,-1.406177068,8.728121026,-0.04490301972,3.492205268
100,100.01,213.6322547,0.4985677467,-1.406177083,8.812452126,-0.05982393551,3.014122744
100.1,100.11,212.9991747,0.4985678023,-1.406177098,9.037448426,-0.07251461015,2.453043182
100.2,100.21,212.3633759,0.4985678567,-1.406177114,9.49254387,-0.08143450139,1.88244526
100.3,100.31,211.7265291,0.4985679101,-1.40617713,9.772638322,-0.07781604697,1.279301045
100.4,100.41,211.0891803,0.4985679622,-1.406177147,9.985769354,-0.06862575877,0.7846806912
100.5,100.51,210.4510376,0.4985680133,-1.406177164,10.07908238,-0.05848320187,0.4355704577
100.6,100.61,209.8120121,0.4985680633,-1.40617718,10.32297329,-0.04138841555,0.2975009212
100.7,100.71,209.1731466,0.4985681122,-1.406177197,10.26313545,-0.03273223941,0.3669555864
100.8,100.81,208.5346085,0.4985681601,-1.406177214,10.21916755,-0.01850769075,0.6510281471
100.9,100.91,207.8969768,0.498568207,-1.406177231,9.967249336,-0.005660739288,1.112046116
101,101.01,207.2601015,0.4985682529,-1.406177248,9.738222919,-0.006575251356,1.698185969
101.1,101.11,206.624041,0.4985682978,-1.406177265,9.453910614,-0.001100430124,2.339720699
101.2,101.21,205.9884777,0.4985683417,-1.406177282,9.167522693,0.0004900331901,2.94087087
101.3,101.31,205.3531631,0.4985683847,-1.406177298,9.073351421,-0.005024043935,3.489945572
101.4,101.41,204.7188478,0.4985684269,-1.406177315,8.934292375,-0.001736050736,3.817421844
101.5,101.51,204.0851432,0.4985684682,-1.406177331,8.762140697,-0.00671691907,3.87293966
101.6,101.61,203.4507905,0.4985685086,-1.406177347,8.778171511,-0.006440494735,3.745274468
101.7,101.71,202.8154771,0.4985685483,-1.406177363,9.005939958,-0.008288348884,3.461864665
101.8,101.81,202.1800945,0.4985685873,-1.406177379,9.18118149,-0.007232538427,2.957685307
101.9,101.91,201.544604,0.4985686256,-1.406177394,9.388956927,-0.003337205124,2.351819606
102,102.01,200.909098,0.4985686632,-1.406177408,9.881068039,-0.005505719579,1.768002491
102.1,102.11,200.2753981,0.4985687003,-1.406177422,10.13995367,-0.001738397786,1.180331963
102.2,102.21,199.6437257,0.4985687369,-1.406177436,10.25967897,-0.005330536225,0.7060162456
102.3,102.31,199.013502,0.498568773,-1.406177449,10.44156352,-0.008405848618,0.4219695235
102.4,102.41,198.3850275,0.4985688088,-1.406177461,10.41264693,-0.01767643963,0.3392534221
102.5,102.51,197.7579103,0.4985688442,-1.406177472,10.15876995,-0.02824857708,0.465658045
102.6,102.61,197.1307006,0.4985688793,-1.406177483,10.00923642,-0.04087291539,0.7943674077
102.7,102.71,196.503319,0.4985689143,-1.406177492,9.774957111,-0.05935413647,1.280057188
102.8,102.81,195.8760223,0.498568949,-1.406177501,9.575470121,-0.06745485392,1.886407806
102.9,102.91,195.2493662,0.4985689838,-1.406177509,9.441568052,-0.07738741315,2.548342966
103,103.01,194.6242902,0.4985690184,-1.406177517,9.190145837,-0.07568759559,3.126107765
103.1,103.11,194.0009852,0.4985690532,-1.406177523,9.209174649,-0.06973931719,3.661448431
103.2,103.21,193.3806834,0.498569088,-1.406177528,9.034865061,-0.05344911374,3.885778761
103.3,103.31,192.7628399,0.4985691229,-1.406177533,9.074732404,-0.0312002692,3.941859446
103.4,103.41,192.147639,0.4985691582,-1.406177536,9.225896134,-0.01224762296,3.767764663
103.5,103.51,191.5354236,0.4985691937,-1.406177539,9.274936446,0.008955991778,3.317171656
103.6,103.61,190.9253136,0.4985692296,-1.40617754,9.603391763,0.01932719493,2.798631679
103.7,103.71,190.3179604,0.498569266,-1.40617754,9.84702963,0.02332800733,2.161399819
103.8,103.81,189.7134685,0.4985693029,-1.406177539,10.10860877,0.01453398035,1.530216223