Time {s},Accel_x {m/s2},Accel_y {m/s2},Accel_z {m/s2}
0.0, -0.014885364906478217, 0.0051743468058794, -0.0008272598131944004
0.1, 0.0025579436358348475, -0.012960969556764476, 0.004070119250990787
0.2, 0.013971817779565777, -0.0006097548184254231, 0.010822274136391677
0.30000000000000004, 0.022835119828769936, -0.00030950812345446833, -0.001883264756596112
0.4, -0.008735836159747606, -0.0008504936736573165, -0.008729135896920707
0.5, -0.00924085954590842, -0.006292217320337499, 0.007478398710562881
0.6000000000000001, 0.012314368188902719, 0.0016297122966857046, 0.00030452840629144887
0.7000000000000001, 0.02107151457195666, 0.001828441611607734, 0.0022120499408086304
0.8, 0.014508572633914819, -0.00012973371763775555, 0.008795618449670004
0.9, 0.018024822378096994, 0.013731726868980205, 0.003324259218324266
1.0, 0.01581021852533738, -0.004398249434458696, 0.005644019417230623
1.1, 0.004676309718248811, -0.011593549128069595, -0.0032457225966982337
1.2000000000000002, -0.01665648473546453, 0.014910314253509404, 0.0022948340666834295
1.3, 0.012285972291150055, 0.00028286458276281177, 0.004219705045314911
1.4000000000000001, 0.02112057250119802, 0.012520088596320436, -0.0006320033000777187
1.5, -0.000973454271849289, -0.00432556371520665, -0.009396756529801945
1.6, 0.011242991141796155, 0.007432924074062373, 0.0043054737387024705
1.7000000000000002, -0.023249182770378282, -0.007621405542392051, 0.009668071759606807
1.8, -0.010131996378211716, -0.009164529686170085, 0.009600550208356066
1.9000000000000001, -0.012848583326872276, 0.002552209003637176, -0.0044711790061899076
2.0, -0.01567217487716815, -0.012784448046560317, 0.0003940085995269127
2.1, -0.019413569189398308, 0.0035105217700883685, -0.00396014137623193
2.2, -0.012132011418738898, -0.006675880195167609, -0.0010620223319322691
2.3000000000000003, -0.01696468647317419, 0.000519158543041388, -0.01193380390892472
2.4000000000000004, 0.009491842610095209, 0.0003348652979201827, -0.010827753932436946
2.5, 0.0036306075643902703, -0.0034378081051753104, -0.008319578655313293
2.6, 0.014508402454317261, 0.005666707341246724, 0.01147302674668014
2.7, 0.0075159319780072845, -0.0006940483769295191, -0.011351136271442448
2.8000000000000003, 0.010663534070066427, 0.014823162952062029, 1.2458623156394455e-05
2.9000000000000004, 0.009165199436091526, -0.0008936161098220285, 0.004811494005897457
3.0, -0.02456397084120438, -0.007449006149919812, -0.011533070074893605
3.1, 0.02075570347431237, -0.007391504216647796, -0.002815853340894861
3.2, -0.013531482129094791, -0.004156581171561095, -0.00014662697371888858
3.3000000000000003, -0.008109714159476061, 0.0066302702234459655, -0.0011013229558592685
3.4000000000000004, -0.022940925292528377, 0.008423215157300568, -0.0032084621802893317
3.5, -0.004169788801469032, 0.004283298914181891, -0.005331604802759607
3.6, -0.005192074844879491, -0.010141094000868172, -0.005729388030523689
3.7, -0.02424093361431655, 0.007086425418447332, 0.0021740135433998913
3.8000000000000003, -0.008141636226450994, 0.011812510256956994, 0.007947904057889662
3.9000000000000004, -0.023948145808732686, -0.0027321234481107225, -0.011671101204771397
4.0, 0.01760034672437127, -0.014065775127411032, -0.00590007013715834
4.1000000000000005, 0.01029971099229986, 0.007798620250004777, -0.003998955384716662
4.2, 0.016583506897896477, 0.0029062578751002763, 0.005495386130598923
4.3, 0.013481739284341755, -0.01324489265336246, -0.0024404970523257325
4.4, -0.024536588864842074, -0.0018536675606635, 0.0016518459397403707
4.5, 0.006154541494664556, 0.013864098902500217, -0.005904717071690574
4.6000000000000005, 0.006688166603274565, 0.01187657717694296, 1.1481603588214817e-05
4.7, 0.01529948828955019, -0.0018954161991265172, -0.00022412497010362576
4.800000000000001, 0.014457388158754343, 0.008908848629546476, -0.0007690898630494658
4.9, 0.02044737305450463, -0.002742597561870473, -0.008806367083894243
5.0, 0.007674766360787772, 0.01495022049160742, 0.004699079656732755
5.1000000000000005, -0.014125230453513493, -0.013548216416854653, 0.006021074150209605
5.2, -0.0039483412836437415, 0.003627305317963172, -0.004361189745280753
5.300000000000001, 0.01668161387103192, -0.010439632062672583, 0.009837634720099707
5.4, -0.012182111955095998, -0.002704042694572413, 0.006776028130893983
5.5, 0.0011620955075028472, -0.009921854633281817, -0.0020275585529565044
5.6000000000000005, 0.012719192698054566, -0.00036488486853495814, -0.0016409691303312464
5.7, -0.01909267028020105, -0.00015232927782109606, -0.005611748301938538
5.800000000000001, -0.0208206413063311, -0.008490194852154978, -0.0007553755931052425
5.9, -0.0070704930025582095, 0.005490960181932162, -0.007403124205499093
6.0, -0.022814695560282, 0.008866893026573472, -0.005059804580848784
6.1000000000000005, -0.024891996247900602, 0.01295167387632406, -0.010389698027966127
6.2, -0.004204998475903371, -0.00810824609592459, -0.008330630549102302
6.300000000000001, -0.01783909468068074, 0.00029125020371293606, 0.002341381441253665
6.4, -0.021247739776144938, -0.008227996020565544, 0.008514965229930532
6.5, 0.012422819909674428, 0.013713760665756997, 0.0031401378465329174
6.6000000000000005, -0.012116192412841831, 0.013413375305803502, 0.0013098514579078847
6.7, -0.010477977228736335, -0.011399727825073919, 0.002468772418027196
6.800000000000001, -0.0012645867349354136, 0.0006908543810184608, -0.005775283869884754
6.9, -0.007470999609372975, -0.0010049260537395542, -0.0011133898280705212
7.0, 0.00731252410014257, -0.013927247200973176, 0.008752628735762836
7.1000000000000005, 0.00492314093039129, 0.0033446123556440063, 0.010743342959366277
7.2, 0.00422157606326975, -0.008409420819657093, -0.008990618273747381
7.300000000000001, 0.023267542038849977, -0.0012426347629901002, 0.0031615020921810623
7.4, 0.012099634413309657, 0.009916880890941436, 0.003866551207500929
7.5, 0.006626538696491774, 0.013040134690518361, 0.008706840986531737
7.6000000000000005, -0.014884502544550454, -0.011198424273542463, 0.011122389116935059
7.7, 0.01919369887496951, 0.012566058480718775, -0.005782011986994015
7.800000000000001, 0.0221367874775214, 0.013682847962972757, 0.0041743706881498975
7.9, 0.004836123189079728, -0.0138803132424101, 0.0010226246801225247
8.0, -0.018257026630858077, 0.003924740548080146, 0.010141725150846376
8.1, 0.01656261752454084, 0.008352257057579469, -0.004434467807930046
8.200000000000001, 0.015771480659104005, 0.0025676663017316823, 0.00519442576707149
8.3, -0.010792377002778198, -0.011340566979434752, -0.00458194785949482
8.4, 0.01545414922826468, 0.009303827771149466, -0.005646526908792363
8.5, -0.015251813658126374, 0.0041956110234004735, -0.003490687603624712
8.6, -0.0056645763718919774, -0.0015005034910660709, -0.011390981423464609
8.700000000000001, -0.011697720477921926, -0.00438080438454429, 0.007268019882185947
8.8, 0.007270346476359596, 0.00598989613755333, -0.003248693066645181
8.9, -0.01744366457346676, -0.0035236698632498975, -0.0003885389965115227
9.0, 0.011101297995182752, 0.0030246207927621693, 0.005557083581120179
9.1, 0.005366835851423757, 0.013098968927513166, -0.0017664304171669948
9.200000000000001, -0.004223082489954783, -0.011507777298806178, 0.0018643153443559076
9.3, -0.013541826085236897, 0.0017786750330049438, -0.006687923401773996
9.4, 0.0033307774046641703, 0.0018590407358827087, 0.004714353340905528
9.5, 0.024643356122719253, 0.0047423123998317634, 0.001269777530265906
9.600000000000001, 0.017615165137627176, 0.004866109514632572, -0.00599853481645124
9.700000000000001, 0.0038178086067482578, 0.0111862799103024, -0.007390439625692366
9.8, -0.0029067641403299153, 0.001571729465954984, -0.009355851416836368
9.9, 0.011739381749818112, -0.00666920759452259, -0.0008613747602015221
10.0, 0.019314653842587327, 0.012675303278972485, -0.005378522218802417
10.100000000000001, -0.002875034344972921, -0.0037622981075960205, 0.012054335049810969
10.200000000000001, -0.019668895465790343, 0.0003525852625442294, 0.0026220434103361476
10.3, -0.02299230232729518, 0.008692570005014484, -0.012387923489780581
10.4, -0.0007095900317551362, -0.004492377948692923, -0.00037803714112281673
10.5, -0.021781082043756048, 0.0033077584775810976, 0.011921966600165194
10.600000000000001, 0.00676890012932766, -0.007441690612048885, 0.006031317310358223
10.700000000000001, 0.019090004974212427, 0.009966230560189741, 0.0029060952617849106
10.8, 0.0015185609289910308, 0.001574134216490095, -0.007216984617096698
10.9, 0.003310897253469958, 0.007038781566061977, 0.0036306694033320323
11.0, -0.007973643080483844, -0.004818814261342921, 0.00899269289344207
11.100000000000001, -0.009075890879875953, -0.0017892508887606161, 0.001372424504534081
11.200000000000001, 0.007914060614722546, -0.0013805264952161888, 0.007446070762512417
11.3, 0.006477257267639775, 0.004697392690166839, -0.008656682020738165
11.4, -0.018948895049734918, 0.00856000224234436, -0.0026526370216683973
11.5, 0.0235659114893335, -0.01435987509116404, -0.0011778618936786835
11.600000000000001, 0.01870242184531659, 0.003197178978982289, 0.0058445076712614705
11.700000000000001, 0.006591979292829309, 0.00936807394238283, 0.008388406944405234
11.8, -0.024861870312855274, -0.007817019400564576, 0.0028430447392983286
11.9, -0.018505751784875606, -0.002553239273879595, 0.008367367988330649
12.0, 0.013324712279677343, 0.013845402175509518, -0.003537892304717533
12.100000000000001, 0.009935169535671647, 0.003712146208315059, -0.0014162875687683597
12.200000000000001, 0.02456427489739367, 0.003780073841182605, -0.011866491671990687
12.3, -0.009507482434987348, 0.007993985178017703, -0.0012243840024259629
12.4, -0.010243947798160596, -0.01275394845976144, 0.006734054163088288
12.5, -0.0002909130341784416, 0.010517023650919752, -0.00035537711374469816
12.600000000000001, 0.007799989821730863, 4.725444045704186e-05, 0.0018905799049567047
12.700000000000001, -0.011961595035710948, -0.005491174540517947, -0.007727409278640013
12.8, 0.014092041695754093, -0.0017904939784100793, -0.011558364042653145
12.9, -0.008186552605255965, -0.0030880261814038744, 0.0007925181130114174
13.0, 0.021947378164639125, 0.012241521722274842, -5.1728660226071924e-05
13.100000000000001, -0.0007083765294585321, 0.009465676409065262, -0.010268715597172174
13.200000000000001, -0.022821734987825346, 0.008870154924689082, 0.003784270414957972
13.3, 0.01621280131975612, -0.014859860453233002, 0.003823540856772989
13.4, 0.009994392025585198, -0.010554364996310276, 0.005111946852967464
13.5, 0.023177263116416064, -0.013330386902660843, 0.01070734170113242
13.600000000000001, 0.024447158626274126, -0.002037156947801184, -0.010968512187604038
13.700000000000001, 0.009105637896944135, 0.010963383649510711, -0.003320559403450374
13.8, -0.021379684339273515, -0.006311966355910626, -0.0035700731271837375
13.9, -0.014001313668604732, 0.0015553620161248693, 0.011986456352866269
14.0, 0.020424125624703082, 0.004699603498545119, 0.0005221736304309082
14.100000000000001, 0.0010160438159278363, -0.011562133711085205, -0.008616286122821821
14.200000000000001, 0.005701607826841476, -0.006538410160313892, 0.002183261603674802
14.3, -0.006253347560985984, 0.010461596310092997, -0.010240640588658685
14.4, 0.024785353980940863, 0.013651547660205944, -0.0028295493533667506
14.5, -0.010847173117892406, 0.01003111212304526, -0.011088202076520594
14.600000000000001, -0.005218044265040578, 0.008353594730770917, -0.0008308370597307102
14.700000000000001, 0.0003638383866030493, 0.004750474963018515, -0.010295452460936631
14.8, 0.0009473756447802295, -0.0016826035327369316, -0.010402423138499664
14.9, 0.0090065471103481, 0.00263788850602516, 0.006061503649096681
15.0, 0.0005086764181782999, 0.007928922727918822, 0.007662648331973796
15.100000000000001, 0.02143242004168643, 0.008827977595704294, 0.012147468121171002
15.200000000000001, 0.0029841352001231895, 0.007155641991978839, -0.009030807547970454
15.3, 0.017865492553782555, -0.010140395178651788, 0.008815997910838497
15.4, 0.022610250021428326, 0.0066313297715167325, 0.006701589104971895
15.5, -0.004924155880116388, -0.008366537715349454, -0.004272658519798342
15.600000000000001, -0.01761232180441546, 0.0028870473145065413, 0.008312606655900062
15.700000000000001, -0.020906883044580583, 0.01347191850211161, -0.0021081871935523856
15.8, 0.01749405244548463, 0.010521423040472277, -0.004558607458987546
15.9, -0.02121854469786512, -0.008146439985098723, 0.005998856463305469
16.0, -0.019232988514290596, 0.010354344734413993, 0.007797535594346219
16.1, 0.011486387884357331, -0.007336945460445298, -0.0015547255211268707
16.2, -0.002860003079732404, -0.014438439014387149, -0.00033703321016426705
16.3, -0.0041476443994371065, 0.003970347285814515, 0.00766680946667708
16.400000000000002, -0.0010084944067284885, 0.012224939777338137, 0.011151169389069647
16.5, -0.004290144798312939, 0.014821195369029656, 0.0022276841679425507
16.6, 0.02133649236506129, 0.0010783606729033012, 0.00540081626787069
16.7, 0.002040280517754517, -0.0038768769304687164, -0.0014622688999852418
16.8, 0.006378133394092206, 0.014671698845059977, -0.004650108341540576
16.900000000000002, 0.004084682429353353, -0.011620394372478223, 0.0066382670122379145
17.0, -0.022347138007539596, -0.013718508168436845, 0.0039621278808396635
17.1, 0.02409337965520296, -0.011784908107113884, -1.1326928350932631e-05
17.2, 0.012362992949107416, -0.0015542933542985681, 0.006706247685985551
17.3, -0.00800373094372273, -0.006029977798347209, -0.01136966533217024
17.400000000000002, -0.023723018002529885, -0.014419740920415501, 0.007741299750684308
17.5, 0.018477246195054826, 0.007885579626660982, -0.0024822634296951893
17.6, -0.018399304040121484, 0.008786549105641124, 0.012207457575465305
17.7, 0.021485840847451212, -0.009181442371594826, -0.011078577783212695
17.8, -0.008757033309746276, 0.012647773217269663, 0.010460742280134409
17.900000000000002, 0.009245175045174359, 0.005077120499684721, 0.004300250812092524
18.0, 0.010587576658047616, -0.002364671126063066, -0.00016612383725891358
18.1, -0.024866515110936585, 0.011121662950799395, 0.00458581137981143
18.2, -0.01827983616514129, -0.007176051456867882, -0.0037870139989427316
18.3, -0.00840795357895705, 0.011590633088858273, -0.0021448757668966092
18.400000000000002, -0.020743912251864328, -0.011484058481997945, -0.010041830463557999
18.5, 0.01265668880714263, -0.014879558880603229, -0.011304172939815425
18.6, -0.011913170553270442, 0.00825137022629742, 0.0017077386409619284
18.7, 0.012242671631301216, 0.0032305147283461463, -0.004718772575018973
18.8, -0.010059468856192794, 0.01434448268760514, -0.005969595037279102
18.900000000000002, -0.008765088084117257, -0.012151679648860502, -0.000518581690750386
19.0, -0.008927866631492738, -0.009551489183557126, 0.0041118220979496
19.1, 0.007348331383762442, -0.012065358449028523, 0.002127650004446996
19.200000000000003, 0.02262646730547778, 0.0005266551973548228, 0.006728840182385798
19.3, -0.011344382116159419, -0.013774040038785388, -0.002973054657039026
19.400000000000002, -0.012451575750415118, 0.01407896366772861, 0.0057045768740545295
19.5, 0.000889315890562692, -0.00992290102203637, 0.008864352320978664
19.6, -0.01293341368644458, -0.002821393655517722, 0.0038433307979380995
19.700000000000003, -0.0009560298364511499, -0.006486248265464271, -0.008339108727555366
19.8, -0.012359770865295312, -0.009363050674497372, 0.0005780342242128394
19.900000000000002, 0.024218309711042104, 0.011309148202243564, -0.0009964982509190201
20.0, 0.009642926084272113, 0.007598622800043093, 0.006194086565724403
20.1, -0.010189091951883333, -0.012729823447374394, -0.0036267873834045813
20.200000000000003, 0.012735034179817795, 0.01108564856578306, 0.008418134664653668
20.3, 0.015098463949644998, -0.003530816522062824, -0.0010882460581174425
20.400000000000002, 0.023354935563169223, 0.003177286650192592, 0.0002485928608954163
20.5, -0.012082336959924334, 0.00600679309853994, -0.0007422553365151408
20.6, 0.015547462058345863, -0.0007540675819276943, -0.01104577951247637
20.700000000000003, 0.006692906390646608, 0.012895576720419506, -0.008449820631269311
20.8, 0.02364301879955041, 0.004801411678372675, 0.003795633580266278
20.900000000000002, 0.019141791376642372, -0.014170247940880072, -0.011234821305080965
21.0, -0.020184967392953376, 0.011647436587632912, 8.574769365735091e-05
21.1, -0.022120391276503115, 0.012691167560221922, 0.012025245862561377
21.200000000000003, -0.009574653953984165, -0.0013629925073149174, -0.008257094038795171
21.3, -0.013439965715372272, -0.012654829308338939, 0.009724606596065184
21.400000000000002, 0.02063800888044505, -0.013298140449141318, 0.0023148446543957814
21.5, 0.013843339813110573, -0.006265344289287285, -0.00514788409065432
21.6, 0.017844463956608724, 0.014897578602274617, -0.006291044416140712
21.700000000000003, 0.023057047266724036, 0.01052635848525651, -0.010074708988977719
21.8, -0.011868421198842773, 0.013510380890803182, -0.003783124400728555
21.900000000000002, -0.019359892699498255, -0.008401727669968622, 0.006059004037087246
22.0, 0.009681161644878773, 0.0037831100317724164, 0.00300984591626369
22.1, 0.019091858607727025, 0.011376702289596589, 0.003481566626102692
22.200000000000003, 0.0013687395613863952, 0.006922557183578499, 0.005262404364291521
22.3, 0.01740944325422963, 0.002265115521875779, -0.006912346801422789
22.400000000000002, -0.0175019072915783, 0.011377850035375916, -0.001272719469328379
22.5, -0.020220330373908003, 0.00021414521015273192, 0.012451059988791095
22.6, 0.0182073171855002, -0.006969938683458767, -0.0030446203680750575
22.700000000000003, -0.011386684980133129, -4.0899444137895145e-05, 0.008074976372597353
22.8, -0.022178602159584372, -0.0028283505693697617, -0.004746520617302411
22.900000000000002, 0.008222451345453108, -0.006986368958256503, 0.0021133277094649515
23.0, 0.014110283401525725, 0.01352700895035358, -0.000624077757622707
23.1, -0.0007171268572960632, 0.01325507239427092, 0.006992106002622342
23.200000000000003, -0.013245017591129005, 0.013423807575784888, 0.011828902561802457
23.3, 0.0219870784683847, -0.005621967745775528, 0.006543183307065603
23.400000000000002, -0.014565673030447136, -0.007267152920824342, -0.008747460868712044
23.5, 0.016466509774432158, 0.004220699350086713, 0.01078355840588339
23.6, 0.012266304806269834, 0.007191967050846028, 0.002208337793944157
23.700000000000003, -0.00032643760937481895, -0.0031921404859091237, 0.005007393348238693
23.8, -0.0034897365287505037, 0.008980920940189601, 0.0009512367514509846
23.900000000000002, 0.022267792088406832, 0.00048654069623062175, 0.005858509789934622
24.0, 0.003615594113054127, -0.007313344991615109, 0.004884397050574749
24.1, 0.008155983343995815, 0.01103166937899102, -0.0018723273161971754
24.200000000000003, 0.02400645233059347, -0.011264558584073103, -0.011356559945568149
24.3, -0.004583548501312812, -0.006858394490365425, 0.0002464095077974626
24.400000000000002, 0.0004739238712137217, -0.0004584695521833748, -0.006011445045518752
24.5, -0.01767215824109188, -0.008690010396219618, 0.0005639877404473887
24.6, -0.009081227604530973, -0.00616381729231399, 0.0033775067597777014
24.700000000000003, -0.005117938176299137, 0.0011213408481994312, -0.00043925859729826715
24.8, -0.019286372109272212, 0.007643216955012153, 0.0014957740419650146
24.900000000000002, 0.013497473165928198, -0.0034882003507245526, 0.003212693444239254
25.0, -0.005438601703145341, 0.013408594444509824, -0.010364310178454086
25.1, 0.00030155430445861223, 0.007645938480577737, -0.0016322895719251052
25.200000000000003, -0.0011939524677097692, -0.007578599283032597, 0.008630666580784202
25.3, 0.011587170914515839, -0.01063047201744963, -0.009458713185046631
25.400000000000002, -0.0034552232746031366, 0.006468378984313891, -3.197985273667714e-05
25.5, -0.024076028277666736, -0.011590841896277472, -0.012161273868712514
25.6, 0.024418629083940237, 0.012185082415358268, 0.0021588725446086672
25.700000000000003, -0.024738435453141673, -0.012502796424779724, 0.012088405970310988
25.8, -0.012948876701613134, -0.007974993172878876, -0.005821308855067786
25.900000000000002, 0.005800713804415281, -0.0064120873986018125, 0.0010150044360025701
26.0, -0.006991116567530132, 0.006627847913727264, -0.009409543422781731
26.1, -0.01972079192172644, -0.004263727019640746, -0.004548300597163646
26.200000000000003, -0.0028729666310741476, 0.014886629677362753, -0.00018913112372177245
26.3, -0.0153151775128069, -0.005869021949321816, -0.0009765186086085481
26.400000000000002, -0.017698302590392446, 0.004114942042107777, 0.005307141748864309
26.5, -0.003629663309630221, 0.004920841959319855, -0.005950483879134966
26.6, 0.006494332493530319, -0.0008327227970426532, 0.008246140501742308
26.700000000000003, -0.005452775645628916, -0.014166742079790065, 0.007500378247348447
26.8, 0.008871831244265887, 0.0056859022378394596, -0.007082917394608543
26.900000000000002, 0.007265483023524, 0.010418718149169207, 0.01166926462904466
27.0, -0.0012104712496070924, 0.003452786072377726, -0.005694504909064097
27.1, 0.019690184439332615, -0.012549538351337305, 0.0010429874997055861
27.200000000000003, -0.02261514726252402, 0.001347765512403921, 0.011448492729099917
27.3, 0.0006115040947630657, 0.01243415411295041, 0.009813103085130007
27.400000000000002, 0.019006678466414628, -0.005951272103384668, 0.006024663342804446
27.5, 0.002044791846725186, 0.004428407455219187, -0.003839832769298213
27.6, -0.0194896799478746, 0.007520254211452979, 0.010599360312383448
27.700000000000003, 0.023365827300579085, 0.014447573091415141, 0.006784233119264233
27.8, -0.016811084027456687, -0.009348089646253476, -0.007238507953438587
27.900000000000002, -0.005289110585125068, -0.0017698906931770718, 0.011584679192840354
28.0, 0.008245904913454472, 0.0030934303097486723, -0.004946554358366978
28.1, -0.01020533791897954, 0.00775473650913645, 0.008037208322812836
28.200000000000003, 0.011324849280526024, -0.00025534859485122684, -0.004306269590615844
28.3, 0.007548539142048405, -0.013754508588295718, -0.001898106639997385
28.400000000000002, 0.020277946648595647, 0.003513161436865831, -0.011973494660717638
28.5, 0.023104014411058034, -0.010180748762425832, 0.0030253251969680262
28.6, -0.012077647170764828, -0.005287365098583456, 0.002905942939761913
28.700000000000003, 0.012114863219288919, -0.009462130895921855, 0.010130091522719101
28.8, 0.00038347852267651695, 0.00803602743345824, 0.003492656903142305
28.900000000000002, -0.010328359355598817, -0.010385020282448951, -0.009517225899286944
29.0, -0.020492631675749613, 0.007673805305851461, 0.0023637908173737344
29.1, 0.021065601878829728, -0.014696801137347714, -0.002310255372562084
29.200000000000003, 8.222220911133782e-05, 0.004494802439719043, -0.012005741867694597
29.3, -0.010149927663556664, 0.011371983292147192, -0.012096493821167675
29.400000000000002, 0.0007680946562226344, -0.0008619917377352559, -0.01216465829368251
29.5, -0.019731022951588562, 0.012930875175748846, -0.007204718640117436
29.6, -0.018845440677486794, 0.0007474203778546906, -0.0015949539174481137
29.700000000000003, 0.007431795992970391, -0.012063667324463295, 0.007348775524560022
29.8, -0.0198567839567399, -0.0029180615116602736, 0.012385929798985638
29.900000000000002, 0.011477605682515424, 0.01013006341406757, 0.00848833950205403
30.0, -0.020262296817669334, -0.008252588933504374, 0.0008332306676544139
30.1, -0.020921318760949312, 0.012227113416608796, 0.009869145314835653
30.200000000000003, -0.017039741957183302, 0.014327467131829264, 0.01187554950526646
30.3, 0.017328336799545412, 0.006957842823541241, -0.0026504656085421657
30.400000000000002, -0.015160398865683484, -0.013427880956856141, -0.006958442571997442
30.5, -0.023882645808844406, 2.9995805754592375e-05, -0.00042885694479365133
30.6, -0.01067672536798171, -0.009474217549635948, -0.0035770533980127002
30.700000000000003, -0.01760769095582366, -0.005083635363908422, -0.007307031341465046
30.8, 0.011505770234584229, -0.010219884735448893, -0.008360164076342014
30.900000000000002, -0.017829335782774857, 0.0015458302113521849, 0.0025799225214443223
31.0, -0.007309681131398771, 0.0003829634240927615, 0.008223571363171478
31.1, -0.02015488445811315, 0.005718331322634278, 0.011413174623725814
31.200000000000003, 0.0007507695839134465, 0.0012792105406458066, -0.007911296007448427
31.3, 0.003921011399422053, -0.009858119782453543, -0.0069674766836405585
31.400000000000002, 0.01542689249011675, -0.0015127209742191326, 0.012437944056443166
31.5, -0.008414591493508478, 0.006767724298036142, 0.01074673667759883
31.6, 0.005904880560671916, 0.004665314274955278, -0.0021091160815196355
31.700000000000003, -0.006161780697896685, 0.004162673393921992, 0.005954481019606151
31.8, 0.005357982398462075, -0.0008254214891303235, -0.004180876275847026
31.900000000000002, 0.022620449887451446, -0.00032567503087835515, 0.010357043756789183
32.0, -0.006944473384514139, -0.01435482164519624, 0.01163395469114143
32.1, 0.013128337256520461, 0.004956718412952644, -0.0021671336375845454
32.2, -0.012281347526942672, -0.010999975474518121, -0.005537210741849319
32.300000000000004, 0.0213195965673246, -0.01351703483813816, -0.005566638541978708
32.4, -0.009663347848728483, 0.007242340372835772, -0.005804798107480286
32.5, 0.015311594644511579, -0.0017443840010220213, -0.009954190052773605
32.6, 0.00035028811941486, -0.007704530512057025, -0.011539828955401059
32.7, 0.011616937508847697, 0.0032328454858478305, 0.010712520310696264
32.800000000000004, 0.010935729696376857, 0.011787391187964168, 0.009711790385990583
32.9, -0.018475228564833603, -0.013782372124337444, 0.010563456885793158
33.0, 0.006168524637634437, 0.0032585550054108135, -0.007543713607246691
33.1, 0.00231272861495565, -0.010333815199239604, -0.0011109050945239285
33.2, -0.0019088773493859347, 0.00025848231900605257, -0.008342617882787512
33.300000000000004, -0.018805219635495043, 0.0030039510374445188, -5.581072309061297e-05
33.4, 0.003989336644368735, 0.0008871079318287266, 0.002504153239636967
33.5, 0.004274332653876689, 0.010562293801100976, 0.005506019818530389
33.6, -0.007756959820067882, -0.00467800958723524, -0.00019122493317998146
33.7, 0.01064029844954016, -0.014823356681582458, 0.002493985637046739
33.800000000000004, 0.018896781092741302, -0.0031214672367830165, -0.002128752307851034
33.9, -0.012297596905565407, -0.001880174130397354, 0.0030382127498249953
34.0, -0.006543071225270381, 0.011095102698351036, 0.0051194263210608965
34.1, 0.0076879379432368, 0.0014092630052154075, -0.002738145750977897
34.2, -0.0010842828975271336, -0.008596267623163966, -0.0060144186453608
34.300000000000004, -0.006670927900855267, -0.0063136048081930485, -0.008889370294930003
34.4, 0.007694497141812057, -0.008272000861004093, -0.010502776210687495
34.5, -0.022158755420156814, 0.0010014298246612263, -0.007319714742806908
34.6, 0.00838056214433321, -0.014820360362365028, -0.010129756325723336
34.7, 0.0043236634949872736, 0.01360088288069811, 0.007087182291113017
34.800000000000004, 0.009794148316577746, 0.003874976065539932, -0.011290886447730625
34.9, 0.010432478027267239, 0.012826447629393741, -0.00965774943174534
35.0, -0.006330997314379289, -0.0024784231388155064, 0.007512295554928706
35.1, 0.0043123499079546655, 0.005967439915156301, -0.007506642841021391
35.2, -0.010316235120348162, -0.002321784881419189, 0.007105376763315952
35.300000000000004, -0.004705789914338749, -0.009530972042760086, 0.0032080270297781908
35.4, -0.022731515914105938, 0.010339135313532696, -0.0034938625936934507
35.5, 0.02380943306671959, 0.0024391845927965792, 0.009459781936205822
35.6, -0.01312610510814798, -0.01347157914156112, -0.0005352440527499586
35.7, -0.01636733284960935, -0.000495473680926961, 0.0013075740232549038
35.800000000000004, 0.012522324622257898, -0.014395196843002174, 0.00380821190303742
35.9, 0.013429850860528659, -0.007863375703865924, 0.0004422627730374662
36.0, 0.020455284868971798, -0.014549008681124808, 0.0005019049607880632
36.1, -0.022876011871214838, -0.012833547637944587, 0.0039139496298136065
36.2, -0.00578108007532811, -0.002628657942600825, -0.01216578538546488
36.300000000000004, 0.009733316533247206, -0.010954143865938454, 0.007139033646550833
36.4, 0.00801620739424312, -0.00813084387160148, 0.008884511473001592
36.5, -0.016069752748921484, 0.00197316282713592, 0.0029413802360767185
36.6, 0.010377977915467358, 0.001169873690067168, -0.006255774080133953
36.7, 0.021327045102132187, -0.007662832626570812, -0.004169928779439419
36.800000000000004, 0.00534214301300286, 0.012750584028116296, -0.0012549726659195654
36.9, -0.01136663813842116, 0.005942700229416033, 0.001932468095067283
37.0, -0.014379761703967577, -0.010267088542945583, 0.008597956857234221
37.1, -0.020640609130184062, -0.001043169040043015, -0.006524467252448866
37.2, -0.003661990489706424, -0.009660164649411614, 0.006879553359450405
37.300000000000004, 0.0090457186477944, 0.008106824467852462, 0.010554867848050806
37.4, -0.010489594312510859, -0.0044083732893277225, -0.0061822104467797595
37.5, -0.023027855302990348, 0.012591844817941731, 0.007793377814360836
37.6, -0.011183592344975436, 0.014552167088297744, 0.005042423582835298
37.7, -0.02079985613338091, 0.011617879983483664, -0.0044866252704477555
37.800000000000004, 0.002143955071650844, -0.009436465941062675, -0.004011037985167151
37.9, -0.0052688756355611715, -0.011021532848123567, 0.00781786945460589
38.0, 0.008341046860476415, -0.0026230399760090906, -0.006857251637921647
38.1, 0.015727411297127732, 0.008943930069632518, -0.00622289726702548
38.2, 0.009380287489590517, 0.004928445075813391, 0.011626937304031904
38.300000000000004, 0.021044259972983814, 0.004345363103932339, 0.012171570503962751
38.400000000000006, 0.0064711716692671785, 0.010235052552825624, 0.011087940688184458
38.5, 0.0019743643333166028, 0.009277648196444582, 0.011639833847252038
38.6, 0.0031628641982204943, 0.005576999577544854, 0.003164874236607332
38.7, 0.009681638237222408, 0.014644469591901809, 0.010044879140039445
38.800000000000004, 0.01192291114056101, -0.00913688113449842, 0.0013597576944182595
38.900000000000006, 0.021218487497915425, -0.010632919106893797, 0.007602964133138624
39.0, -0.000638720767740414, 0.004702056201146425, 0.011156051090936587
39.1, -0.011632872401443917, 0.001701937844246838, 0.005044823483274111
39.2, -0.016678520791331974, 0.007780972444835142, 0.0021637034595199333
39.300000000000004, 0.023062614091952285, -0.009496101616719932, 0.007552849004733301
39.400000000000006, 0.005506918020398716, 0.004535356125880142, 0.004817399362770886
39.5, 0.010661073433906605, 0.007196234978965615, -0.0010790426461977282
39.6, 0.014354714284766935, -0.00702035312089176, -4.727835283064308e-05
39.7, 0.021025650682989446, 0.0012494230363286562, -0.00097754033867814
39.800000000000004, 0.013333922343231714, 0.00018320541573183414, 0.00793136978459062
39.900000000000006, 0.006061433813703599, 0.012877172488078398, -0.010144630572041994
40.0, -0.010652211776373223, 0.00852560308100554, 0.0024713597071928137
40.1, -0.00892188237237132, -0.0015029720630716237, 0.009929547399154755
40.2, -0.017689534722217858, 0.0009062997540386741, 0.007242612242853924
40.300000000000004, -0.01836812840505587, 0.005194796441786466, -0.010581546381769705
40.400000000000006, 0.0020350468896797647, 0.004249055482980964, -0.004559068661319646
40.5, 0.008385622433045465, 0.002782289591966843, -0.010944895301080766
40.6, 0.002014427983644518, 0.0011256495164950508, 0.003017281456454912
40.7, -0.020093366734337693, -0.008375467304627121, 0.003755078683957908
40.800000000000004, -0.014274472548710948, 0.012516463137749158, -0.002068699100045951
40.900000000000006, -0.009895316855331166, -0.00037287415222773235, 0.008002718123802528
41.0, 0.009127304307401912, 0.007149821692897435, 0.005054063681835106
41.1, -0.01993300380731516, 0.013340963888979596, 0.011941143277896063
41.2, 0.006370923102655879, 0.0030268266431275758, -0.0032733883802824465
41.300000000000004, -0.02246181112263131, -0.006394567197164881, 0.004216392479665707
41.400000000000006, 0.014272932468146982, -0.014570268251756401, 0.006030188113232338
41.5, 0.011485403367695941, 0.010979574090933204, 0.008399307999470338
41.6, 0.01382359487640379, 0.008057359270619393, 0.004561603995791905
41.7, 0.014820123385486118, 0.013509423916350747, 0.001407108072456731
41.800000000000004, -0.014236741733853803, -0.00901827491105966, -0.010143459676850757
41.900000000000006, -0.006611958615703956, 0.004883451488506992, -0.010109106587076283
42.0, 0.010026736801113151, -0.0020932918574661542, -0.007433375318810585
42.1, -0.020230847005674447, 0.005374260976072151, 0.00815701684714983
42.2, -0.01277354814020767, -0.010347397229912982, 0.011133722616226381
42.300000000000004, -0.0007282298173365121, 0.00917421225833524, -0.007996412122850653
42.400000000000006, 0.01333205308409069, 0.0023656439470509947, -0.005654730944225825
42.5, -0.0002694425166073655, -0.012866884113304191, -0.012084220503644511
42.6, -0.010964781419933112, 0.01052385225859496, -0.010611034962349004
42.7, 0.0225558368099972, 0.012009990195751493, -0.010267283497523916
42.800000000000004, -0.024723666058609057, -0.011604098133277788, 0.0032422976420358935
42.900000000000006, -0.009515901856333353, -0.003137618797463041, 0.004709153399223004
43.0, -0.0007170304305743447, 0.008292168743879641, -0.007020943280277881
43.1, -0.004986772395379069, -0.010783073466532891, -0.0009934801747254114
43.2, 0.0056122485026404885, -0.0062436639709141945, 0.010502277208503991
43.300000000000004, 0.01000752964103926, -0.008425034560718905, -0.0024052176435169965
43.400000000000006, 0.01246038700757083, 0.00916041924933814, -0.0010912035983146218
43.5, -0.007266254746322576, 0.008735140339552432, 0.008256185733085447
43.6, -0.01710903451843441, 0.012357952470312286, 0.008505612583775633
43.7, -0.0033024220888953127, -0.008567663753654392, -0.0014022643884178288
43.800000000000004, -0.0013110077209267435, -0.005007084885933041, 0.008888487194910952
43.900000000000006, -0.009374777024563059, -0.010888788955940126, -0.005192237162468922
44.0, -0.01838296333073219, 0.003622374536843693, 0.0029329015609043524
44.1, -0.007577545371532568, -0.006274350306329182, -0.011320166429001764
44.2, 0.013550727487280907, -0.009705180714228807, -0.010206573507238668
44.300000000000004, -0.0020403317893072427, 0.010622095286076128, 0.011455113327400568
44.400000000000006, -0.0037603108297790014, -0.0003396556351034374, 0.007179730477241408
44.5, 0.013194172178130292, 0.0017203942422126894, -0.007485510347561958
44.6, -0.017175933481807154, -0.007844673489050524, 0.010946076607447189
44.7, 0.006956201250417932, 8.735094860234604e-05, 0.011919712474962303
44.800000000000004, 0.0174999721274268, -0.009353593098673705, -0.003107698364836345
44.900000000000006, -0.017832271109059328, 0.007005622033805908, 0.0067172215821020426
45.0, 0.010229225973582251, 0.012142888678977923, 0.008035613368119013
45.1, -0.020348060653691758, 0.0030401266777545875, 0.006883888848666828
45.2, 0.018347699511011922, -0.010688065772451747, -0.008300839375662911
45.300000000000004, -0.014970610858818918, 0.007072368886146703, 0.011724170805599309
45.400000000000006, 0.01162561689022349, 0.007289534136931681, -0.00043987115752499586
45.5, 0.008238818846790303, 0.009439505779951557, -0.003510342374228756
45.6, 0.005985548672859737, 0.01022362408191475, 0.004538336082716576
45.7, 0.009683301316355464, 0.0016228084966562284, -0.010245466342515963
45.800000000000004, -0.0009706335194888728, 0.007606767751603673, 0.011489562582053654
45.900000000000006, -0.012061746591944623, 0.0030217480924795903, -0.009034822481693608
46.0, 0.018679191523775868, 0.00140192851585743, -0.0037008517872635874
46.1, 0.012624586207620787, 0.002434884326270583, -0.0038982281110303413
46.2, -0.0030583953066556815, -0.0032420499478441997, 0.004256071981885357
46.300000000000004, 0.009963898495524837, 0.012528126746585483, -0.004454456901181261
46.400000000000006, -0.01438225391424472, 0.008610828786119322, -0.0005109330970252457
46.5, 0.0032275099804654375, 0.013316359096904451, 0.012115438024332296
46.6, 0.003535871230683152, -0.00921978189002726, -0.003310512637812807
46.7, 0.013371356099965032, 0.012065308960567673, 0.01203862499510981
46.800000000000004, -0.018368715094167782, -0.0016722279397378102, -0.007169814658988561
46.900000000000006, -0.005622192467107917, -0.004427872020529181, -0.000325318631965571
47.0, -0.007093303628025205, 0.0016807798764306857, -0.0018630125319895636
47.1, 0.016145963028013632, 0.00627634590738192, 0.0028265910193805313
47.2, 0.010985257119064996, 0.011713629909359279, 0.00806108430006707
47.300000000000004, -0.01800582636749696, -0.0009438220341177216, 0.004764354535709398
47.400000000000006, 0.002948493077107356, 0.006620261348261985, -0.007182417970337355
47.5, 0.0045472136806441465, 0.011543916838377815, -0.004983721678892958
47.6, -0.006458599469875354, -0.009006481364520848, 0.00438795533600373
47.7, -0.010651390416457508, 0.01234048703583609, -0.003692508850817003
47.800000000000004, -0.004946354959197103, -0.011312267234394612, 0.01035153602904965
47.900000000000006, 0.0022106409136404383, 0.0005070438028701985, -0.0035896011418247277
48.0, -0.019309623426210173, 0.01137242269532168, 0.011885948370285544
48.1, 0.0016715579315352337, -0.012288288316620016, -0.0030474682637126856
48.2, 0.019670157376920662, 0.005822948959562615, 0.005984339913987053
48.300000000000004, -0.013506066645768401, 0.0009654921424497398, -0.00936892559060798
48.400000000000006, 0.020333469139715638, 0.007764812571264492, -0.007015087969798675
48.5, -0.012211337580717442, 0.007055680192752382, 0.006873342604650412
48.6, 0.007947267860058777, 0.007787479655389948, -0.0008152927611333933
48.7, -0.0009114043997156762, 0.01162094710417368, 0.010403601294784763
48.800000000000004, -0.017194422846454067, -0.009116442875132148, -0.002747283497596809
48.900000000000006, -0.010074126330164818, 0.01499039897083456, -0.010208680148852867
49.0, -0.022953127244754668, -0.011267561714836206, -0.005719845944266858
49.1, 0.010911251365664676, -0.00032804724025722984, 0.003591039178551853
49.2, -0.0028620937760179713, 0.0019383042693087047, -0.005185004686649966
49.300000000000004, -0.0017633256293884292, -0.00100487265330917, -0.007384556886518623
49.400000000000006, 0.013570449991946332, 9.706862971420427e-05, 0.008988044776324
49.5, 0.01954349064147977, 0.005448524220312335, -0.006661688791973317
49.6, -0.024929048946332494, 0.0030250591099001477, 0.00499941511787298
49.7, -0.015191901760981364, -0.006754266391832338, 0.009047850802613203
49.800000000000004, 0.0007275149138363468, -0.0007686610290444274, 0.0024387523111931266
49.900000000000006, 0.015599528366787475, 0.0011685289767872575, -0.006127825037699508
50.0, 0.013352008754284567, 0.00860951865653586, -0.009552789577028768
50.1, -0.0019769603534154968, -0.0033943695071971323, 0.00792708457785599
50.2, 0.014409099240792606, -0.002422476663555043, 0.009526445023500536
50.300000000000004, 0.022491703627652616, -0.0016548576760456557, 0.010675152436712668
50.400000000000006, 0.007451319623210168, -0.004099994265424853, 0.001721396256325078
50.5, 0.012680660608074018, 0.014954194340986342, 0.002739191636357394
50.6, -0.023403753510347222, -0.0028912916195837357, -0.009043543737240032
50.7, -0.018876030515112475, 0.008577080550386142, 0.00625711145033813
50.800000000000004, 0.007610112253152418, -0.008348767882505794, 0.011533892185257492
50.900000000000006, 0.0046352375659790505, -0.005353123764312925, -0.0028411135798257245
51.0, 0.014934281810149774, 0.005806407469098083, 0.005991044978795593
51.1, 0.017569049487020972, -0.0056175114055219575, 0.004636545168560608
51.2, -0.011145402428657547, -0.002220605835214894, -0.0037731644634110164
51.300000000000004, 0.006515331716082007, -0.014517435561393212, 0.010062316090789631
51.400000000000006, 0.00915473851512143, -0.005116873332914642, -0.009804037413890847
51.5, -0.024798046523176544, -0.0007486899376707456, -0.001357000395093755
51.6, 0.024827175034579388, -0.004388909130111459, 0.010882806249123363
51.7, -0.012205838189145375, -0.0074786582191782545, 0.0002536984347447646
51.800000000000004, 0.017589485495622992, 0.014275771677184638, 0.005338571272181198
51.900000000000006, 0.02463235817846134, -0.009875662495681838, -0.012429448814102878
52.0, -0.007351684237787798, -0.0024773606411474824, -0.0005475052274482195
52.1, -0.003998545680868554, -0.01227509312117659, 0.004015181432337945
52.2, -0.004305965592155703, 0.006699406978805171, -0.007052998644299424
52.300000000000004, 0.0016759819842241453, -0.013484417398318172, -0.0026745334869017257
52.400000000000006, 0.0179677336492159, -0.013074692556751475, 0.008662323215678428
52.5, -1.9022097513471393e-05, -0.003613836063619917, 0.008874665400785629
52.6, -0.02333964651478343, 0.007627297299908238, -0.006954081707626861
52.7, -0.019121357691707804, -0.006603953066243647, -0.00658878340146889
52.800000000000004, 0.01563816319740732, 0.010634537551072838, -0.007360653397308412
52.900000000000006, -0.0061799016873053175, -0.00719732311814501, 0.010726328388945211
53.0, -0.005502048525791803, -0.004167471892201415, 0.006486760237148001
53.1, -0.010198801053507617, 0.012928434949689066, -0.0052657033593572185
53.2, -0.01394428371619032, 0.010132084603616571, -0.007933717654411166
53.300000000000004, 0.009876396173833641, -0.011348257822731113, 0.004695015941250319
53.400000000000006, 0.006050563168799378, -0.012710152318592405, 0.004287418930311984
53.5, -0.021470384349965434, -0.0010537452967943073, 0.004545473272263634
53.6, 0.009857744287915284, -0.002911214878333096, 0.0020872177827198665
53.7, -0.02494757502482279, 0.012652739666515722, -0.005782208186083238
53.800000000000004, -0.018212281198088272, -0.014940088602842112, -0.008772773561332384
53.900000000000006, 0.0020414436655448345, -0.01151068616021176, 0.011064072940938752
54.0, 0.004950039849388382, 0.0034552509660780114, -0.0041657366498910635
54.1, -0.007801527821954596, -0.012974845890036585, -0.011666946302814033
54.2, -0.0019028212795255185, 0.011155295797733666, -0.005249509891180876
54.300000000000004, -0.022191028979827332, -0.004930512635022015, 0.00027534881111134505
54.400000000000006, 0.009695710384185513, -0.006888675489517764, -0.011003744465322613
54.5, 0.0014144707467833584, 3.2200485021747215e-05, 0.0014978107829342559
54.6, 0.023376600339580385, -0.008501174398389929, -0.0038849346019983718
54.7, 0.024272030637835375, 0.004444976939513659, -0.008767147771170616
54.800000000000004, 0.006359247573595689, 0.0030114413527667547, 0.0032837445038678666
54.900000000000006, 0.011135038682241617, -0.014925211010021953, 0.006319890137800411
55.0, -0.00402383152236529, 0.013829575710606199, 0.007172689348071315
55.1, 0.004017132078961133, -0.011867352356682404, -0.009514640733723332
55.2, 0.0006730990124369396, -0.010384170222401352, -0.010396804721260249
55.300000000000004, 0.01855781673138604, 0.0021763269741946465, -0.008572192039128635
55.400000000000006, 0.020308259480866647, -0.006493933309017244, -0.00828197032196322
55.5, -0.020455180030385225, -0.012811497947981343, -0.010410328969316415
55.6, -0.01007146520815369, 0.012420241226703146, -0.009146017180299776
55.7, 0.005683903871654988, 0.01225498008010832, -0.008200976470937494
55.800000000000004, 0.01146585865963929, 0.0049492974318113515, -0.009885194854445925
55.900000000000006, -0.014100434104674221, 0.0014184221655990025, 0.007276412745265315
56.0, -0.020808785014237732, -0.009119497932750267, 0.00653037546837246
56.1, -0.019149014244265336, -0.002774823411855237, -0.006521213139260143
56.2, -0.024389740049010396, -0.002177351424602578, 0.006999113877516789
56.300000000000004, -0.02064831417570298, 0.0018024833435964882, 0.004083451533601615
56.400000000000006, -0.0243786832894146, -0.006807350748835499, -0.009035848808747566
56.5, -0.006627707218063256, -0.011045684942198108, 0.007520942490845953
56.6, 0.009331617869248061, 0.013465347327001248, 0.004124944005325548
56.7, 0.003875534816652976, 0.0034737520503260078, 0.011298310851808172
56.800000000000004, 0.0020353690035467167, 0.008453575929233868, -0.0107705036900961
56.900000000000006, -0.0032995077390147176, 0.009967133565681253, -0.010202328875252312
57.0, 0.016129170938432653, -0.010718700251077625, -0.009166287251131033
57.1, -0.01895995627994721, -0.011151347759354634, -0.009250994597439296
57.2, 0.005282230067636212, -0.010515614129547038, 8.310557725764723e-05
57.300000000000004, 0.01436007335402732, -0.004680625945332497, 0.004936527196810373
57.400000000000006, -0.005449930875363118, 0.01130329319117375, 0.011174907214976111
57.5, 0.02291593443500052, -0.01037113642047375, 0.0002295717838777217
57.6, -0.016620874830774547, 0.010550948843234166, -0.0007597906258525023
57.7, -0.00195657063934514, 0.008837405284239288, 0.006394757396338238
57.800000000000004, 0.011957839926148978, -0.0014072546385844697, -0.0068200237776226864
57.900000000000006, 0.0033673650534970347, 0.010592466400605132, 0.003823242285289258
58.0, 0.006545247137691718, -0.010020268526092857, 0.0005479227879851529
58.1, 0.0007719567003511507, 0.013930432276934072, 0.008031352512104253
58.2, -0.015879928620948707, -0.005798540052370261, -0.0038077936427235283
58.300000000000004, 0.0023798398345244998, -0.011285818990652728, -0.007380934039525911
58.400000000000006, 0.0008470228638427669, 0.013415869235748128, 0.006137261439343661
58.5, 0.006541676114080164, -0.00228819184837582, -0.004246942258546496
58.6, -0.018814766374921, 0.01166874025936467, -0.0030210135288602337
58.7, -0.022413858336711757, -0.010928965681948438, -0.008617811022296069
58.800000000000004, 0.007568749669870107, -0.013090491901920687, 0.011956393860366683
58.900000000000006, 0.003969857397982363, -0.002282798401862458, 0.003279818324893788
59.0, -0.009776832149185816, -0.012102506257193403, 0.010754703349458414
59.1, 0.004045666930230335, -0.003735296778905985, 0.006554240336375467
59.2, 0.01371190795505563, -0.011074093466057866, -0.0025455155682727717
59.300000000000004, 0.01300380240298117, 0.0029958535772884876, -0.012443427298448585
59.400000000000006, -0.0019931443804649895, 0.0010401231058269943, 0.0019325109151574844
59.5, -0.02076329915110128, 0.007594612350277641, -0.0018533215468389793
59.6, 0.007106255801468298, 0.008321163583560894, -0.00216267544501175
59.7, -0.004142186463643116, 0.003287164369434241, 0.011791228358843898
59.800000000000004, -0.01912745624188253, -0.007452854662494331, 0.00469265753163621
59.900000000000006, 0.0017639199980684916, -0.007504710710683294, -0.009376571976244922
60.0, 0.011528778328426404, 0.0016305660838022472, -0.006634574078581124
60.1, 0.016074426458738873, 0.0006992250325611981, 0.003976653568460909
60.2, 0.008983664437934458, 0.0147475913021561, 0.00926971740379096
60.300000000000004, -0.007328222832912379, -0.0051895001016877395, -0.010102477394810107
60.400000000000006, 0.018052089040927095, 0.0038448918245408224, 0.008827973973836284
60.5, -0.0008605276815687236, 0.00013441256377657695, 0.0031263372909289657
60.6, -0.006144905887455793, 0.0019249439598010498, 0.010207631361551265
60.7, -0.008949194759920232, -0.005830995719411437, -0.01027151302447291
60.800000000000004, 0.011235168138670822, 0.002867497497378181, 0.011529205449365518
60.900000000000006, -0.002400814836882365, -0.003692924665705793, 0.009776176442373101
61.0, -0.017099452736339366, 0.012069987083102977, -0.008402082292871718
61.1, 0.012421676840209606, 0.0036394897362255385, -0.0078512879659415
61.2, 0.007772529043342508, -0.00029602461449151907, 0.007283357518516754
61.300000000000004, 0.013117623741753815, -0.008901073471233072, -0.010364968345569218
61.400000000000006, 0.013919408169241143, 0.005488126094514661, -0.009221171331364414
61.5, -0.0031077912158765544, 0.012628185058122117, 0.00788825970879988
61.6, -0.024669388630837515, 0.004282191831321769, 0.009133263073623322
61.7, 0.012178076565675029, 0.0019273255594673489, 0.0006583010465705003
61.800000000000004, 0.018988321183300235, -0.010468671764400875, 0.007953039492617848
61.900000000000006, -0.012546923364209773, -0.007884751044686344, -0.008358783047842547
62.0, 0.01735264326380605, 0.0011264301801970366, -0.005220548330791161
62.1, -0.02136786306179979, -0.009478074928213238, 0.008313963868523669
62.2, -0.012503833484828348, 0.0007163554103789416, 0.0014513521903567585
62.300000000000004, 0.009191733130468989, 0.009495084660559686, -0.006702285086780927
62.400000000000006, 0.01866077295117908, -0.010945787604768827, -0.004012377197050396
62.5, -0.013844170559293156, 0.014955741364319665, -0.005314321390562446
62.6, 0.023822460657359032, -0.0019529297755535202, -0.0026519802982981457
62.7, 0.01525532144923162, 0.013317662516296269, 0.006682591449711403
62.800000000000004, -0.00666421074810803, -0.004975139631083294, 0.005204962765382582
62.900000000000006, 0.0006308963722736872, -0.014255046514757957, 0.005652640062856229
63.0, -0.016637114588147213, 0.0015077106406129093, 0.004886742085277996
63.1, -0.0006315406941731161, -0.012715196451151491, -0.010442264877534564
63.2, -0.010119929844688541, 0.011807337117280166, 0.009079412432731368
63.300000000000004, -0.005124576956416527, -0.011233375469006854, 0.00021257724793517785
63.400000000000006, -0.009241309311421392, -0.012187733922371966, 0.009363655087186186
63.5, -0.02333800593783877, 0.002085444684572022, 0.003444004565005049
63.6, -0.012014515454230525, 0.004455013290896935, -0.012323964304539366
63.7, 0.024669103196028188, 0.009862710507920975, 0.0026905595810115565
63.800000000000004, 0.004860204101045196, -0.002310182117428483, 0.005960382119417865
63.900000000000006, -0.0175916066414556, 0.004097313518418665, 0.012454037380601921
64.0, 0.008152287875066605, -6.023794587440401e-05, -0.004296417575502351
64.10000000000001, -0.0013278458984200604, -0.010553645467971185, -0.00991205102430863
64.2, -0.024576123093422872, 0.01170819141409926, 4.076531111292248e-05
64.3, 0.012635658800113764, 0.0042252523572773254, 0.010111458941654071
64.4, 0.01785209473754328, 0.0020251339223043363, -0.009969637044994643
64.5, 0.0051853139012471355, 0.005846543328967829, 0.004764215015671583
64.60000000000001, -0.01062978369568795, -0.006622275818790087, -0.00539910179829009
64.7, -0.0096450416147374, -0.00984008121570878, -0.00786594535022828
64.8, -0.008285336173523406, 0.011615522361071657, -0.008526835288469382
64.9, -0.0037119579288616648, -0.0006791750988577816, -0.00039028564978981775
65.0, -0.00065960730134631, 0.001374661748876651, 0.011740681463692726
65.10000000000001, -0.010586307175542898, -0.013630667710482972, 0.003277866176662331
65.2, 0.023757733662445997, 0.012564955522571903, -0.0049437864015564135
65.3, 0.014096752495430699, -0.006696008981843388, -0.003115940878875448
65.4, 0.0077015595928523585, 0.0035892022188165696, -0.010509110148228898
65.5, -0.021916463893421917, 0.012553666152436927, -0.011775904718763093
65.60000000000001, 0.0012139839768009197, 0.00432552045116195, -0.002151257504157439
65.7, 0.019048462219656382, 0.005345041936388872, -0.0006716476749163592
65.8, -0.018377836458977965, 0.0023766918766200806, 0.0022817186687725368
65.9, -0.011527190935285009, -0.014400514699976165, 0.0006347369138088283
66.0, -0.022375650145035904, 0.0003043894554100712, -0.010890056504210613
66.10000000000001, 0.0016443093736478566, 0.0028523781127874456, -0.0097517795892915
66.2, 0.01568748660903015, -0.009655055727719115, -0.0031233566396862756
66.3, -0.010473414878655996, 0.0035378004924204198, 4.3757988511372585e-05
66.4, 0.005005850336833395, -0.010078946894238883, -0.008476647327686151
66.5, -0.010998052046126906, 0.005079619903345263, -0.009138232086344398
66.60000000000001, 0.0229050566287292, 0.013460990130347508, 0.007353776352290115
66.7, 0.01641571396789902, 0.01314652341095689, -0.011289976462235946
66.8, -0.02243745795930123, -0.002326317037410461, 0.0041485502057001305
66.9, 0.011974314158705524, 0.002362947581988145, -0.008865810522712387
67.0, -0.0019985806828854424, 0.007174574782600221, -0.0054279161355788004
67.10000000000001, -0.01738114082128894, 0.014778607782043365, -0.007077041063115786
67.2, -0.011747733062471722, -0.006067847638382648, -0.004741649520446135
67.3, -0.010529939347772566, 0.007840979053189687, -0.011173799545100841
67.4, -0.011854811655965181, 0.003634106701212495, 4.15329494172112e-05
67.5, -0.008451963382865047, 0.00423467803502329, -0.01223950576422771
67.60000000000001, 0.008545790561717276, 0.010629530886694544, -0.005912188665241911
67.7, 0.005722238231771948, 0.0021600251125511137, 0.004450647229733332
67.8, 0.010201292946787434, -0.00821094938676692, 0.003776486348466607
67.9, -0.01941811010528695, -0.0031503544945203576, 0.008271974603668769
68.0, -0.017159377190144483, -0.007806410472725065, 0.001091636852292771
68.10000000000001, -0.003749503356054529, -0.007151877542012568, 0.009738539701876546
68.2, -0.019251351236932, -0.007355077304731965, -0.010314936636178102
68.3, 0.014314218296743675, 0.003244547137986543, -0.010136177300059342
68.4, 0.01581268097738182, -0.0018676062553005556, -0.004889567446995771
68.5, -0.016758089425832057, 0.0004932030334586412, -0.0044952745925688825
68.60000000000001, -0.00932209380018742, -0.012350128925599052, 0.0015708317110245647
68.7, 0.004602422306874687, -0.014636962549509185, -0.002079247361130052
68.8, 0.01930824626957961, 0.006253744528621748, -0.00390722412848937
68.9, -0.0008718102590474009, -0.010570981445604154, 0.005756336754581773
69.0, -0.023769113847913283, 0.004823519397551653, 0.011801618627180606
69.10000000000001, 0.00816982332071397, 0.004150966300771695, -0.010193047111316836
69.2, -0.020528739391324876, 0.007475240229368267, -0.004206259809279897
69.3, 0.0023637194804548346, 0.0032527457166742057, -0.005757846415810165
69.4, 0.008133996401710687, 0.005190601643814833, 0.008118668215881182
69.5, -0.0051335437319606665, 0.009829382282195685, -0.009251982099469666
69.60000000000001, 0.019078492903397828, 0.003169955474946453, -0.001388166376061753
69.7, 0.01109932127319403, -0.009448941042209216, 0.0013142546302431835
69.8, 0.020278695586123826, -0.009823664135499708, 0.011062230029581347
69.9, 0.003657436639042883, -0.01071885909587187, 0.010405001027330591
70.0, 0.004818882486658438, 0.003508970749982755, 0.008426511312932696
70.10000000000001, 0.00809245424624498, 0.006367428730766024, -0.006801021864246026
70.2, -0.023843118472511804, 0.011764162281715219, -0.006439078818607416
70.3, 0.0019763324879855993, 0.0003458794068684412, 0.010790343444718476
70.4, 0.012156759489745506, 0.005598587653641068, -0.006828372249236445
70.5, 0.014038831092519239, 0.010807395305941955, -0.011723141265206863
70.60000000000001, -0.005343854052693481, 0.013926039230124707, -0.010873158130537143
70.7, 0.0040475981696093235, -0.00576408508872498, 0.011849104397292635
70.8, 0.01656164184320245, -0.012252221485728573, -0.012411256265775035
70.9, -0.0017271148133372939, 0.008146884565707517, -0.0035729686296874594
71.0, -0.010620377755933491, -0.01150468418469454, 0.008883459978129596
71.10000000000001, -0.0015054546708283267, -0.006034117956423963, 0.005568058833752144
71.2, 0.016846808098406392, 0.0019761825252282007, -0.001441621743388355
71.3, 0.017293377251701665, -0.009560286692490644, 0.0008444043577476523
71.4, 0.004248243763801646, -0.010889522293020462, -0.007684671264272161
71.5, -0.019565563941161653, -0.009661464815525524, -0.006121162791318255
71.60000000000001, -0.0019910955018864643, 0.011121451401054349, 0.011622382480145386
71.7, -0.0029225675292952227, 0.01281123440160139, 0.0019228796320479526
71.8, -0.011714124428336942, -0.007225121801748777, 0.003950735456677282
71.9, 0.022234982656183823, 0.005900692100963516, -0.0014415507825752323
72.0, 0.02252746052651322, -0.00895985474853795, 0.009552551390222642
72.10000000000001, 0.006991440208352917, -0.008938667266447077, 0.000828088097675614
72.2, -0.02091854532375111, 0.01035408549726149, -0.00895730251987902
72.3, -0.007997951580711255, -0.010173787227598697, -0.006269177860338851
72.4, -0.006348023653495777, -0.0024311277497690654, 0.005574061402486119
72.5, -0.020519997086387316, 0.002712887033685205, 0.006364415812826538
72.60000000000001, 0.013458932421134457, 0.014134318473803807, -0.002647532581643972
72.7, -0.005956877316819209, 0.0025074162808234957, -0.0069464622556574904
72.8, -0.020273753102378934, -0.009359764398245209, 0.010477548830336745
72.9, -0.017914246245386203, -0.00041147386974762275, -0.006280693968105095
73.0, -0.013441221044715013, -0.007423643706758791, -0.002660591423227868
73.10000000000001, 0.01737521983676258, -0.0017878856295473478, -0.012097743405097814
73.2, -0.006838143013117937, -0.007434076356105515, -0.0066190767008864615
73.3, -0.0009973328178803365, 0.005396172634680766, -0.01018778563625835
73.4, -0.006075472727284226, 0.004185167033794308, 0.001468588087677686
73.5, 0.0006457897987732886, -0.005491541727607704, 0.004205109516376588
73.60000000000001, -0.017443878370566834, -0.012592340786461199, 0.00506146316528272
73.7, -0.02183985715581739, -0.006069928469941048, -0.01239047392720092
73.8, -0.004239318790552649, 0.006483059625226481, 0.009825194689821837
73.9, 0.0021394696607876297, 0.013151188036114996, -0.005463913977209581
74.0, 0.0011507573364552103, 0.01276312212301127, -0.008746883006028322
74.10000000000001, 0.009273151321323631, 0.0006803000719159635, -0.007937658668219608
74.2, -0.011479784356218421, 0.003417375259285026, 0.007858330925081891
74.3, 0.009079986137349843, 0.010024391920066369, -0.0015226977502093841
74.4, 0.004690709807623684, -0.00044425100955401307, 0.004327800846350963
74.5, -0.00345444686365089, -0.011279088167760442, -0.01100324122273378
74.60000000000001, 0.007032840243109507, -0.011115280133876497, -0.003715426234726993
74.7, 0.01510446347651579, -0.008412332529510883, 0.012310407611121225
74.8, 0.01539862397139561, 0.011189665162984542, 0.007219046146260056
74.9, 0.010419882811940152, -0.010451478157990426, -0.009696234452604561
75.0, 0.01446710363000709, 0.006195580603040299, -0.006001355778538367
75.10000000000001, 0.015678264180846665, -0.004244019803452673, -0.006233339001440969
75.2, -0.02122502631620371, 0.009155407830465315, -0.010185723594956335
75.3, -0.0020449055326883627, 0.0032490213046411465, -0.0001885121169589249
75.4, 0.0022768808201486857, -0.004920317356369787, 0.0034524138979344036
75.5, -0.01896575144255568, 0.006421749664767416, -0.004678257529798282
75.60000000000001, -0.022401279892286786, 0.008299057660669311, -0.0011007987154996485
75.7, -0.011804632621106315, -0.004551803403386699, -0.0020451039588194526
75.8, 0.0006678734232424155, 0.007098927458176006, 0.004807519500152325
75.9, -0.0006759763247984108, -0.010369627695427356, -0.007919169346590583
76.0, -0.022589569706497944, -0.012586819946020364, 0.0044355985755053454
76.10000000000001, -0.011320898527306207, 0.014906400554810894, 0.0035232413202892915
76.2, 0.00010731394156109353, 0.0016048422773087922, 0.005070610105396911
76.3, -0.009648690709464641, 0.011699048089903796, 0.007217302990953642
76.4, -0.019779333667871282, 0.012831263502792935, -0.006590870460499873
76.5, -0.010819802010020047, 0.010573522390021984, 0.005082164460881253
76.60000000000001, 0.005052711648429348, 0.0069307952978575225, 0.010112558837497891
76.7, 0.00020916886958088356, 0.008469891537460174, 0.004013354881284481
76.80000000000001, -0.01490256667038753, 0.01165266865567623, -0.004696683345198616
76.9, 0.003977944852871879, 0.0029231081429954664, -0.01059908189137817
77.0, 0.005596599315273593, 0.007672003183283111, 0.005811609951675143
77.10000000000001, 0.017553302960714313, 0.013095301289777513, -0.003110823594098164
77.2, 0.008344180039635453, 0.006601152854535641, -0.01104491017831657
77.30000000000001, 0.010642283382005803, 0.003022003547112101, 0.0037147854745590127
77.4, 0.001419598455773713, -0.01089773189494572, 0.01165139018187094
77.5, 0.015802495841729932, 0.00785142584080573, 0.0050642853032312005
77.60000000000001, -0.009545146040502328, -0.004779802051777992, -0.008764974366573742
77.7, 0.0178689395970327, 0.01360598599271797, -0.007640803761482826
77.80000000000001, -0.014442734160324761, 0.006162749165196959, -0.00185567510007964
77.9, -0.014838970757207998, 0.00035623397730773275, -0.006279078840326621
78.0, -0.019593916483270708, 0.0069960006996776115, -0.006257958744462075
78.10000000000001, 0.0021759393568095034, 0.0008377889990606735, 0.012447278165987771
78.2, 0.00378557009941396, -0.007847241928604035, 0.005053320712742219
78.30000000000001, 0.001558640614631729, -0.011460536986588525, -0.006094105438100317
78.4, -0.0014110773698413682, -0.004177985599886961, -0.009040261093907435
78.5, -0.00870332177499999, -0.005603726180246484, 0.001799956541231862
78.60000000000001, 0.017559138244474092, 0.012261350078123737, 0.006624488744724228
78.7, -0.0025824699641368246, 0.013762315059635034, 0.012047657212513949
78.80000000000001, 0.006132565774296223, -0.005441065924955125, 0.005166536010160272
78.9, -0.0067701426456262875, 0.009474008736480235, -0.008248397850234433
79.0, 0.011465746485416612, 0.002860551090149209, -0.009169767342324336
79.10000000000001, 0.004068954393408148, -0.008691572390319103, -0.010772674006301658
79.2, -0.017794415839243138, 0.014639548242252366, 0.002395465377001152
79.30000000000001, -0.01738449372271066, 0.00316100553426205, -0.012234418926153089
79.4, 0.002681004578136348, 0.007061632041737309, -0.00919161451110766
79.5, -0.002162003512094418, 0.007497585105638357, 0.008528887828029689
79.60000000000001, 0.018567374527153097, -0.014630158517825799, -0.005563773245614832
79.7, 0.022019568492712735, 0.003221935537602165, -0.011937268531632142
79.80000000000001, 0.02053521892872246, -0.0023116646118886484, 0.008467031030818329
79.9, -0.0060681387142609905, -0.008493014969869594, -0.00413239648459135
80.0, 0.011954278884973786, 0.011765907881567441, -0.012214031468712012
80.10000000000001, -0.013708865053899722, 0.014980770686106062, -0.00447038047245826
80.2, -0.024208817739075756, -0.006375510142848728, 0.009007739801267595
80.30000000000001, 0.020431522352306317, 0.013571152067009346, -0.007025193141149156
80.4, -0.009190306760556528, 0.008021687514097755, -0.0010568519888793538
80.5, 0.024269085686073312, -0.0015575481117697265, -0.002518712686873348
80.60000000000001, -0.0017927641102057025, 0.009359235417555808, 0.00828472930654502
80.7, -0.0011736318443724303, -0.009849768724856078, 0.011447700441085139
80.80000000000001, -0.01533242330764894, -0.009456113602671104, 0.010354545857914841
80.9, 0.013756492587703235, 0.010974012172641335, -0.0065782889312158595
81.0, -0.010647535742539682, -0.005627019326232444, 0.0005411844479232431
81.10000000000001, -0.02028302265828946, 0.004697413513149191, 0.008255263879329075
81.2, -0.01283896948159437, 0.004497294621090332, -0.009050159094448151
81.30000000000001, -0.0010173584020691407, 0.007308801251802182, -0.0032886825474170767
81.4, 0.012516018655618766, 0.00789209696498111, -0.008640849939324772
81.5, -0.004142332423337925, -0.006573312121705303, 0.006602542270549786
81.60000000000001, 0.014412476284915205, -0.011731000621649378, -0.00919125835600045
81.7, -0.0010757371430637319, 0.01049109639958395, -0.00803604822914274
81.80000000000001, 0.02331452487574259, 0.013354453314556198, -0.0005243423274265607
81.9, 0.016457579122896977, 0.0016001505713193831, -0.002444927618235382
82.0, -0.01897198557280724, -0.011809124460423441, -0.0049699797006487224
82.10000000000001, 0.0019419420224491446, -0.0025354188860374173, 0.0058579033061402636
82.2, 0.006790039284527105, 0.008605477864413303, 0.006543620053960342
82.30000000000001, 0.016081082588420344, -0.0061149712801689855, 0.00036335619184956207
82.4, 0.012483451514640427, -0.002621354984746252, -0.0043033708657926216
82.5, 0.02320072005049791, -0.012845625280844356, -0.01226335950927651
82.60000000000001, 0.02104585531038458, 0.002662987072410018, 0.010550053535732004
82.7, -0.01982433077561599, 0.01119550864437179, 0.003931813763681413
82.80000000000001, -0.01640837759955483, -0.012402874251931172, 0.004384452080143353
82.9, -0.018331345115120076, -0.012686749974565155, 0.011115396683244669
83.0, -0.0084303684376078, -0.013759465160584114, 0.010321140748678332
83.10000000000001, -0.016433087770786475, 0.004375498961828059, -0.0069956175453157994
83.2, -0.002933914973905327, 0.0030290640522094093, -0.007039801786789052
83.30000000000001, 0.012326624677753735, 0.010771804171971886, 2.0051534279574848e-05
83.4, 0.01874458814231002, 0.014620212882044977, -0.006558511906482628
83.5, -0.014051036788128758, 0.01299322634019167, -0.005000832439841588
83.60000000000001, 0.011976147123393722, -0.014169735668781503, -0.0072230142351509905
83.7, -0.007146811505842388, 0.0017017195669164807, 0.003516581695703755
83.80000000000001, 0.024066538037394888, -0.004732295946307339, -0.0007874373508360317
83.9, 0.01139148722077908, 0.014537487757344331, -0.0071804919051591315
84.0, 0.023230954062219863, -0.008379789189819055, 0.011300574752563533
84.10000000000001, 0.012676051970021097, -0.00867703896490076, 0.007715819298133747
84.2, -0.014186567722512606, 0.012026680392491829, 0.004680826625441936
84.30000000000001, 0.008004532147879068, -0.006949807500786567, 0.0023145816515016265
84.4, 0.016110123598527325, 0.012929844839328507, -0.012484883865153593
84.5, -0.021515527078344872, 0.004449137297566329, -0.008085976615327445
84.60000000000001, 0.012289611900796322, -0.010602635786343318, 0.01236149173196121
84.7, 0.020705478923687466, -0.0005988207445031713, 0.010919841046468037
84.80000000000001, 0.004762968048089506, -0.009109728094070884, -0.0033028187095157455
84.9, 0.001607801369110462, 2.395987876803396e-05, 0.009397235196845894
85.0, 0.01531242771341791, 0.014593729313511564, 0.009574576181857551
85.10000000000001, 0.016621034199573493, 0.0001684273533167957, -0.003987854772037586
85.2, 0.008453644832516222, 0.0035137962549565195, 0.0058835445450581975
85.30000000000001, 0.020693905240486973, 0.012618656830036096, 0.009375288210143513
85.4, 0.02211068601646986, -0.008590255782043964, -0.001786541827617591
85.5, 0.024680616108627953, 0.013082072499082914, 0.006166498533409948
85.60000000000001, -0.0026014790753697728, -0.0006396009920472511, -0.011542301771210678
85.7, -0.010466212053181979, -0.008876635280882844, 0.008005180296507824
85.80000000000001, -0.0050359676551670896, -0.009309773116988619, -0.00034656750412618843
85.9, -0.005310342512399507, -0.007398731837006987, -0.004948099853145524
86.0, 0.022819875426297632, -0.0007990503482616285, -0.003959616349432429
86.10000000000001, 0.014512619531112264, 0.009304317472690548, -0.009872200360618116
86.2, 0.013674868633354615, -0.011869051525082745, 0.006818176930029424
86.30000000000001, 0.018656832141184427, -0.0005319403965624658, 0.007617677805563403
86.4, 0.020869728383144288, 0.0009456181942757391, -0.0032148399850387174
86.5, 0.022030579397109014, -0.0016474573863148679, 0.009643490417850523
86.60000000000001, 0.01652004983490375, -0.01111967198006738, -0.008936001478644224
86.7, 0.022642530424491405, 0.008244333152226155, -0.0026723361756837067
86.80000000000001, -0.013182696145242768, -0.0001359693109136495, -0.0009797132448116086
86.9, 0.005954497401614295, 0.0007520030292630142, 0.0024788821567967943
87.0, -0.004400970336992971, 0.004973855834222999, 0.006575475095059455
87.10000000000001, -0.0071931286745558765, 0.0032016015478850413, 0.005692805795971312
87.2, 0.0057891392777392695, 0.011196954031050376, 0.005149723380645114
87.30000000000001, 0.022188851290075296, 0.009629350198656605, 0.009685614768419053
87.4, -0.014277402099221398, -0.014166432343066986, 0.0015301815040945938
87.5, 0.0018928753706457637, 0.014366314966917041, 0.011810096726446862
87.60000000000001, 0.011339164717125339, -0.0075582009727056506, -0.002844803436887536
87.7, 0.01824817833180822, -0.014433935512205195, -0.0056519418975700874
87.80000000000001, 0.01358976829487697, -0.012970932481699563, 0.0033268047145679214
87.9, -0.0243546241303719, 0.014268360073104672, 0.003685514048030378
88.0, -0.020440874703757696, 0.01307104973898885, -0.004404071665288292
88.10000000000001, -0.02004106645214327, 0.013142841622262882, 0.01044634690310766
88.2, -0.0015326461293453499, 0.01402349879605076, 0.01069039065310602
88.30000000000001, -0.005347448848036451, 0.008049791978167846, 0.0037768093555098914
88.4, 0.011424452679091174, -0.011115922912724174, 0.003187503643112599
88.5, -0.01598183853312705, -0.003181172038870056, -0.0022480931629617175
88.60000000000001, -0.002164428721187667, 0.007704852037128729, -0.0013617344917387143
88.7, 0.007925905881418383, 0.010673073937885177, -0.006518833473910624
88.80000000000001, 0.009177848962992558, -0.014681478063604201, 0.008936189399138655
88.9, 0.022226877503570955, -0.014649992888505105, -0.004220138474657445
89.0, 0.022202889394782488, 0.011959734856450053, 0.005471353837665111
89.10000000000001, -0.012101821161440308, 0.0046568478965214105, 0.0020833535546152943
89.2, 0.011634641579583016, -0.0018959661029444984, -0.00018037104718274523
89.30000000000001, -0.0012899664927168376, 0.004680777232271736, -0.010054389386050367
89.4, 0.012110319076386468, 0.013450493056766318, -0.002786980497423658
89.5, 0.020913718019049565, 0.000393769311701766, 0.011941915314228717
89.60000000000001, -0.01429081862803538, 0.007237292883193593, 0.002850432839236139
89.7, 0.01710686434369974, -0.0027869821296439344, 0.010472748782407526
89.80000000000001, -0.0058323076314231725, -0.0064587215517474955, 0.0009505317222012672
89.9, -0.0003587171436944092, 0.013595870375522555, -3.580286600877447e-05
90.0, 0.023086201143038054, -0.014198556836251978, 0.008930182947190255
90.10000000000001, -0.0042452342315042356, 0.013095438406705882, -0.010573910886772654
90.2, 0.021361647868399142, 0.006870175850018825, 0.0014946129830198192
90.30000000000001, 0.0003928339566061201, -0.002041475082296188, 0.0027754127523926643
90.4, 0.01637585721725981, -0.01411546912773869, 0.003942810616353212
90.5, 0.00487167022381263, -0.007408383549303954, -0.000947684153727671
90.60000000000001, -0.009936463121540257, -0.014415061834815418, 0.0105940718772575
90.7, 0.005905175933582352, 0.014854747538118761, 0.010441584631157422
90.80000000000001, 0.010985523818763998, 0.0025943317328209602, -0.002470537402966769
90.9, 0.010341305338155499, -0.007566883028747925, 0.009175028552597093
91.0, 0.01291688339586662, -0.0030461734201353693, 0.0029301416386860544
91.10000000000001, 0.007347169274865961, 0.006530566835504627, 0.008893815182197593
91.2, -0.0029739071811991148, -0.005534143577812896, 0.00873197248518169
91.30000000000001, 0.0013056513182386155, -0.013193639696163316, -0.007820695493379354
91.4, 0.015521535256607816, 0.012397037071924093, -0.004992662973340695
91.5, 0.002136084295598817, -0.009033547365488602, 0.011781976630472311
91.60000000000001, -0.010638364560081742, -0.012040772248042583, 0.0032009548865590933
91.7, 0.019634092824700862, 0.0007386177264273019, -0.010111711655299322
91.80000000000001, 0.023105478441397254, -0.0029347487489473165, -0.001966935663725672
91.9, 0.01916835512959802, -0.007850805939086516, -5.665138099316125e-05
92.0, -0.01029872192727202, 0.001465123570296084, -0.002053374050427195
92.10000000000001, 0.01972043632769334, -0.01391983154920525, 0.004892223283175776
92.2, 0.01872159210801458, 0.006173094687457704, -0.0030997914702921626
92.30000000000001, 0.02150489119325269, -0.0025057861089734434, -0.00016170453030522338
92.4, -0.021652479586689317, -0.0006259851457618149, -0.001659187604076043
92.5, -0.015330919181332359, -0.0034392750617425806, -0.0007786427153665898
92.60000000000001, 0.0031474062105543267, 0.01429975594159336, 0.002696990963943885
92.7, -0.005457172346761536, 0.013681838020921449, -0.008854627862969717
92.80000000000001, -0.005602158111151368, -0.014537265485070977, 0.010094173255528457
92.9, 0.007523183529423105, -0.013708026209662499, 0.009510739991866485
93.0, -0.011214247368512937, 0.0013234804820261236, -0.004471181070588609
93.10000000000001, -0.023083818060921815, -0.014631891325379134, -0.01010225446614311
93.2, 0.02387699107224564, 0.006228640973252578, 0.0007834710127945455
93.30000000000001, -0.004645773024375599, -0.0054815234772615405, 0.008144152197584463
93.4, 0.023256860213238542, 0.007239848896076521, -0.0069556352830828895
93.5, 0.007524024031164489, -0.0068430523678617025, -0.0037963054178293213
93.60000000000001, 0.022241664339624413, -0.009785074987584134, -0.0007382534120510403
93.7, -0.01720131355439398, -0.004331962956971584, -0.008914651589524739
93.80000000000001, -0.004582659901363118, -0.007942064173887695, 0.008677740253570015
93.9, -0.02175200665726896, -0.0006309892408975248, 0.0011060179316039005
94.0, -0.015597252866394868, -0.003456926113175377, 0.009451404132078733
94.10000000000001, -0.021067952287856358, -0.01439594082373073, 0.012289518235496871
94.2, 0.006032741016793103, 0.003957110794614563, 0.003999450436583676
94.30000000000001, 0.018033132213827064, 0.0003918383733189812, -0.00792153237981849
94.4, 0.0037714892855070905, 0.004270980538937754, -0.0042829548580049755
94.5, 0.012793249619759596, 0.000590081729741343, -0.0045634199813376465
94.60000000000001, -0.023646361826921328, -0.01438772207557912, 0.006035696940973848
94.7, -0.024125614612367813, -0.0019159054464048353, -0.0018864479779106547
94.80000000000001, -0.008031360306193247, -0.008681264488707948, 0.00476490726761859
94.9, -0.005659156580345198, 0.014537904113771113, 0.006763116914494646
95.0, 0.018984976101307845, -0.0013690414801475692, 0.011085934062507956
95.10000000000001, 0.007004225903559686, 0.010255875926313588, 0.011289104785867707
95.2, 0.01587231878669303, 0.010217179357922225, -0.004483472046131673
95.30000000000001, 0.0068137588734952514, 0.0020843795013966815, -0.006453385455864461
95.4, -0.0015396745159265925, -0.011512761943538261, 0.00855439367429434
95.5, -0.017800209942800578, -0.0015926127286323432, 0.0033365683105714278
95.60000000000001, 0.014880533623349197, -0.00011920096114905187, -0.0031644039293207585
95.7, -0.0014627506554426573, 0.009654007149638264, -0.00016302538762689168
95.80000000000001, 0.022663145647549822, -0.008938118474053812, 0.005904950360736
95.9, 0.014418625045892997, -0.013283873494237677, -0.012051547510279448
96.0, 0.011321165947303542, 0.013708070720589204, 0.0036423767699409557
96.10000000000001, 0.0012345383733520787, -0.009773546942606617, -0.010125500668949076
96.2, 0.018309780479452215, -0.0033270796068638375, 0.010245376800028695
96.30000000000001, 0.0029979150429119694, 0.005517812373747893, 0.004247017360436189
96.4, 0.013012516874321006, -0.006760302721905038, -0.00014759026980545043
96.5, 0.008736518659285519, 0.0074988489514064335, 0.0007682812229975217
96.60000000000001, 0.020646398485786352, 0.012021586080340131, -0.0007227201488819974
96.7, -0.009562157342948841, -0.00023831463781910254, 0.008534666857029067
96.80000000000001, 0.015373088915011652, -0.010940573553412195, -0.007254211274958614
96.9, 0.009297285124549004, 0.0019180818976839097, -0.009120610948567707
97.0, -0.0063105468781282205, -0.010723084489345298, 0.009685920464617456
97.10000000000001, 0.021575303014272545, 0.009161858693690473, 0.008642155131376672
97.2, -0.01705483808678463, -0.00021008407374384364, -0.010410770094637041
97.30000000000001, 0.009622291748876978, -0.014046403754866882, -0.00558616720806176
97.4, 0.0008880507583834629, 0.01434255328630939, -0.008959418322667561
97.5, -0.003590258316889783, 0.0030049917326107622, -0.0031947399095205026
97.60000000000001, 0.018647479096131014, -0.008000613362008668, -0.009833765748837504
97.7, -0.013556882949639798, 0.004637830804974388, 0.010895878057926502
97.80000000000001, 0.005768191388038885, 0.012109858461107579, -0.003355987381229564
97.9, 0.014861525634715645, 0.007611426153560187, 0.0006990246815531842
98.0, -0.007894566142019372, -0.0016590437277894865, -0.011476744123837588
98.10000000000001, 0.01659682675132798, -0.01101026446754736, -0.009914962880601725
98.2, 0.01624983050806565, -0.0065113636588538856, -0.0012335878510164905
98.30000000000001, 0.010728903251621697, 0.007035718483092025, 0.0037697981738787443
98.4, 0.0005875680405432349, 0.00862012926107422, 0.010740214990419475
98.5, -0.02473473216411716, -0.0045206203999445995, -0.0023425383484828284
98.60000000000001, -0.00902758245847673, -0.003549544875581156, -0.00797016335556055
98.7, 0.01572117767490417, 0.0116195945683206, 0.008804590495398624
98.80000000000001, -0.00814094759669256, 0.008576899928975002, -0.012013820821608344
98.9, -0.0020784603264642045, -0.002200789528914977, 0.009958415337315127
99.0, -0.018962694159355656, 0.013917378131081192, -0.001964601338282962
99.10000000000001, 0.01729811400210143, 0.002562478420489712, -0.010628836814724239
99.2, -0.0022203770677356573, -8.742771734863263e-05, 0.006234510111786296
99.30000000000001, -0.023089769295505186, -0.010717622933886093, 0.006286967149685419
99.4, 0.02223844049710942, 0.010126324531464946, 0.00042265305272564394
99.5, 0.010727746773606701, -0.009971895575561454, 0.0021839484524785514
99.60000000000001, -0.01018216489314517, 0.014837184176992575, 0.007138609420094927
99.7, 0.003190439529936795, -0.0013667963215426991, 0.006269795100600473
99.80000000000001, 0.011026068365258775, 0.012729628402981794, 0.011659416972650397
99.9, 0.0002757573322647089, -0.00750849114690205, -0.004875769442286027
